"artist","firstName","gender","itemInSession","lastName","length","level","location","sessionId","song","userId"
"Mudhoney","Aleena","F","10","Kirby","231.57506","paid","Waterloo-Cedar Falls, IA","637","Get Into Yours","44"
"Carpenters","Aleena","F","11","Kirby","238.39302","paid","Waterloo-Cedar Falls, IA","637","Yesterday Once More","44"
"Kings Of Leon","Aleena","F","13","Kirby","185.28608","paid","Waterloo-Cedar Falls, IA","637","Taper Jean Girl","44"
"The Bloody Beetroots","Aleena","F","14","Kirby","201.97832","paid","Waterloo-Cedar Falls, IA","637","Warp 1.9 (feat. Steve Aoki)","44"
"Kings Of Leon","Aleena","F","15","Kirby","201.79546","paid","Waterloo-Cedar Falls, IA","637","Revelry","44"
"Euge Groove","Aleena","F","16","Kirby","265.482","paid","Waterloo-Cedar Falls, IA","637","Tenderly","44"
"Soltero","Aleena","F","17","Kirby","249.0771","paid","Waterloo-Cedar Falls, IA","637","Bleeding Hearts","44"
"Nirvana","Aleena","F","18","Kirby","257.01832","paid","Waterloo-Cedar Falls, IA","637","Lithium","44"
"Alliance Ethnik","Cecilia","F","0","Owens","252.21179","free","Atlanta-Sandy Springs-Roswell, GA","535","ReprÃÂ©sente","6"
"Lykke Li","Cecilia","F","1","Owens","232.35873","free","Atlanta-Sandy Springs-Roswell, GA","535","Melodies & Desires","6"
"The Coffee Club Orchestra","Ryan","M","1","Smith","386.76853","free","San Jose-Sunnyvale-Santa Clara, CA","622","Overture","26"
"Harmonia","Ryan","M","2","Smith","655.77751","free","San Jose-Sunnyvale-Santa Clara, CA","622","Sehr kosmisch","26"
"Alicia Keys","Mohammad","M","2","Rodriguez","182.07302","free","Sacramento--Roseville--Arden-Arcade, CA","614","Caged Bird","88"
"Crosby_ Stills & Nash","Mohammad","M","3","Rodriguez","329.19465","free","Sacramento--Roseville--Arden-Arcade, CA","614","Wooden Ships (LP Version)","88"
"R.E.M.","Ryan","M","3","Smith","241.162","free","San Jose-Sunnyvale-Santa Clara, CA","622","What's The Frequency_ Kenneth? (Radio Version)","26"
"Eric Clapton","Chloe","F","6","Cuevas","323.49995","paid","San Francisco-Oakland-Hayward, CA","636","My Father's Eyes","49"
"Godley & Creme","Chloe","F","7","Cuevas","237.81832","paid","San Francisco-Oakland-Hayward, CA","636","Cry","49"
"Ron Carter","Chloe","F","8","Cuevas","497.13587","paid","San Francisco-Oakland-Hayward, CA","636","I CAN'T GET STARTED","49"
"Timbaland / Keri Hilson / D.O.E.","Tegan","F","0","Levine","179.25179","paid","Portland-South Portland, ME","620","The Way I Are","80"
"Everything But The Girl","Chloe","F","9","Cuevas","295.73179","paid","San Francisco-Oakland-Hayward, CA","636","Missing","49"
"Big Mountain","Tegan","F","1","Levine","249.52118","paid","Portland-South Portland, ME","620","Baby_ I Love Your Way (Album Version)","80"
"Gotan Project","Chloe","F","10","Cuevas","315.81995","paid","San Francisco-Oakland-Hayward, CA","636","Queremos Paz","49"
"Washed Out","Tegan","F","2","Levine","173.40036","paid","Portland-South Portland, ME","620","Belong","80"
"OutKast","Tegan","F","3","Levine","312.13669","paid","Portland-South Portland, ME","620","My Favorite Things","80"
"Black Sabbath","Chloe","F","11","Cuevas","388.64934","paid","San Francisco-Oakland-Hayward, CA","636","Symptom Of The Universe","49"
"Late Night Alumni","Tegan","F","4","Levine","226.76853","paid","Portland-South Portland, ME","620","Uncharted","80"
"Slightly Stoopid","Chloe","F","12","Cuevas","293.82485","paid","San Francisco-Oakland-Hayward, CA","636","This Joint","49"
"Beastie Boys","Tegan","F","5","Levine","211.722","paid","Portland-South Portland, ME","620","Unite (2009 Digital Remaster)","80"
"The Killers","Tegan","F","6","Levine","222.95465","paid","Portland-South Portland, ME","620","Who Let You Go?","80"
"Riverside","Chloe","F","13","Cuevas","236.2771","paid","San Francisco-Oakland-Hayward, CA","636","Stuck Between","49"
"Flobots","Tegan","F","7","Levine","246.07302","paid","Portland-South Portland, ME","620","Good Soldier","80"
"Lighthouse Family","Chloe","F","14","Cuevas","307.53914","paid","San Francisco-Oakland-Hayward, CA","636","High","49"
"Jack Johnson","Tegan","F","8","Levine","144.06485","paid","Portland-South Portland, ME","620","Do You Remember","80"
"Incubus","Chloe","F","15","Cuevas","229.22404","paid","San Francisco-Oakland-Hayward, CA","636","Pardon Me","49"
"Edwyn Collins","Tegan","F","9","Levine","235.91138","paid","Portland-South Portland, ME","620","A Girl Like You","80"
"Joshua Radin","Chloe","F","16","Cuevas","182.62159","paid","San Francisco-Oakland-Hayward, CA","636","The Fear You Won't Fall","49"
"Bon Iver","Chloe","F","17","Cuevas","116.89751","paid","San Francisco-Oakland-Hayward, CA","636","Team","49"
"Nipsey Hussle","Chloe","F","18","Cuevas","170.34404","paid","San Francisco-Oakland-Hayward, CA","636","Its Hard Out Here","49"
"Bebo & Cigala","Tegan","F","11","Levine","331.15383","paid","Portland-South Portland, ME","620","Lagrimas Negras","80"
"Kings Of Leon","Tegan","F","12","Levine","201.79546","paid","Portland-South Portland, ME","620","Revelry","80"
"Amy Winehouse","Tegan","F","13","Levine","223.9473","paid","Portland-South Portland, ME","620","Love Is A Losing Game","80"
"Florence + The Machine","Tegan","F","14","Levine","219.66322","paid","Portland-South Portland, ME","620","Dog Days Are Over (Radio Edit)","80"
"Devin Townsend","Tegan","F","15","Levine","552.98567","paid","Portland-South Portland, ME","620","Tiny Tears","80"
"Camera Obscura","Tegan","F","16","Levine","244.81914","paid","Portland-South Portland, ME","620","Number One Song","80"
"Keyshia Cole","Tegan","F","17","Levine","95.26812","paid","Portland-South Portland, ME","620","Same Thing","80"
"Red Hot Chili Peppers","Tegan","F","18","Levine","247.66649","paid","Portland-South Portland, ME","620","Tell Me Baby (Album Version)","80"
"Florence + The Machine","Chloe","F","20","Cuevas","219.66322","paid","San Francisco-Oakland-Hayward, CA","636","Dog Days Are Over (Radio Edit)","49"
"Lit","Chloe","F","21","Cuevas","169.03791","paid","San Francisco-Oakland-Hayward, CA","636","My Own Worst Enemy","49"
"Avenged Sevenfold","Tegan","F","19","Levine","393.50812","paid","Portland-South Portland, ME","620","Dear God (Album Version)","80"
"Harmonia","Chloe","F","22","Cuevas","655.77751","paid","San Francisco-Oakland-Hayward, CA","636","Sehr kosmisch","49"
"Blue October","Tegan","F","20","Levine","241.162","paid","Portland-South Portland, ME","620","Calling You","80"
"Bone Thugs-N-Harmony / Akon","Tegan","F","21","Levine","287.52934","paid","Portland-South Portland, ME","620","I Tried","80"
"Training For Utopia","Chloe","F","23","Cuevas","222.37995","paid","San Francisco-Oakland-Hayward, CA","636","Two Hands","49"
"Delerium","Tegan","F","22","Levine","455.8624","paid","Portland-South Portland, ME","620","Drama","80"
"The Meters","Chloe","F","24","Cuevas","156.21179","paid","San Francisco-Oakland-Hayward, CA","636","Do The Dirt (Album Version)","49"
"Harmonia","Chloe","F","25","Cuevas","655.77751","paid","San Francisco-Oakland-Hayward, CA","636","Sehr kosmisch","49"
"Macy Gray","Tegan","F","23","Levine","233.89995","paid","Portland-South Portland, ME","620","Slowly","80"
"Alice In Chains","Tegan","F","24","Levine","230.60853","paid","Portland-South Portland, ME","620","God Smack","80"
"Dungeon Elite","Lily","F","0","Burns","169.82159","free","New York-Newark-Jersey City, NY-NJ-PA","625","Give It Up For Me You Us!","32"
"Angels Of Light & Akron/Family","Tegan","F","25","Levine","216.60689","paid","Portland-South Portland, ME","620","Oceanside","80"
"Krisiun","Lily","F","1","Burns","167.91465","free","New York-Newark-Jersey City, NY-NJ-PA","625","In League With Satan","32"
"Band Of Horses","Tegan","F","26","Levine","275.51302","paid","Portland-South Portland, ME","620","Cigarettes_ Wedding Bands (Album)","80"
"The Notorious B.I.G.","Lily","F","2","Burns","238.78485","free","New York-Newark-Jersey City, NY-NJ-PA","625","The What","32"
"Foolish Things","Tegan","F","27","Levine","266.86649","paid","Portland-South Portland, ME","620","Who Can Compare","80"
"The Strokes","Tegan","F","28","Levine","278.64771","paid","Portland-South Portland, ME","620","On The Other Side","80"
"Chick Corea & Hiromi","Jayden","M","0","Fox","465.05751","free","New Orleans-Metairie, LA","604","Windows","101"
"Linkin Park","Tegan","F","29","Levine","494.99383","paid","Portland-South Portland, ME","620","Bleed It Out [Live At Milton Keynes]","80"
"DJ Shadow","Jayden","M","1","Fox","89.28608","free","New Orleans-Metairie, LA","604","Transmission 2","101"
"Fleet Foxes","Tegan","F","30","Levine","147.04281","paid","Portland-South Portland, ME","620","White Winter Hymnal","80"
"Jonas Brothers","Jayden","M","2","Fox","201.27302","free","New Orleans-Metairie, LA","604","Games","101"
"Guns N' Roses","Tegan","F","31","Levine","464.92689","paid","Portland-South Portland, ME","620","Civil War","80"
"!!!","Tegan","F","32","Levine","486.81751","paid","Portland-South Portland, ME","620","Bend Over Beethoven","80"
"Spice Girls","Tegan","F","33","Levine","239.82975","paid","Portland-South Portland, ME","620","Who Do You Think You Are","80"
"Los LÃÂ¡tigos","Tegan","F","34","Levine","263.8624","paid","Portland-South Portland, ME","620","Luces Sensacional","80"
"Willie Colon/Hector Lavoe","Tegan","F","35","Levine","368.77016","paid","Portland-South Portland, ME","620","Triste Y Vacia","80"
"Mike Jones","Stefany","F","0","White","240.90077","free","Lubbock, TX","533","Mr. Jones (Explicit Version)","83"
"Place Vendome","Tegan","F","36","Levine","239.04608","paid","Portland-South Portland, ME","620","Place Vendome","80"
"Camera Obscura","Tegan","F","37","Levine","189.3873","paid","Portland-South Portland, ME","620","Alaska","80"
"Cage The Elephant","Tegan","F","38","Levine","175.12444","paid","Portland-South Portland, ME","620","Ain't No Rest For The Wicked (Original Version)","80"
"Foo Fighters","Tegan","F","39","Levine","271.38567","paid","Portland-South Portland, ME","620","The Pretender","80"
"The Notting Hillbillies","Tegan","F","40","Levine","156.47302","paid","Portland-South Portland, ME","620","Bewildered","80"
"Muse","Tegan","F","41","Levine","209.50159","paid","Portland-South Portland, ME","620","Supermassive Black Hole (Twilight Soundtrack Version)","80"
"Owl City","Tegan","F","42","Levine","230.81751","paid","Portland-South Portland, ME","620","Umbrella Beach","80"
"Ray Barretto","Tegan","F","43","Levine","496.63955","paid","Portland-South Portland, ME","620","Canto Abacua","80"
"The Fray","Tegan","F","44","Levine","235.93751","paid","Portland-South Portland, ME","620","Over My Head (Cable Car)","80"
"Rokia TraorÃÂ©","Tegan","F","45","Levine","53.86404","paid","Portland-South Portland, ME","620","SonoritÃÂ©s","80"
"Les MisÃÂ©rables - 10th Anniversary Concert","Tegan","F","46","Levine","195.3171","paid","Portland-South Portland, ME","620","Castle On A Cloud","80"
"Usher","Tegan","F","47","Levine","216.24118","paid","Portland-South Portland, ME","620","Making Love (Into The Night)","80"
"3 Doors Down","Tegan","F","48","Levine","233.74322","paid","Portland-South Portland, ME","620","Kryptonite","80"
"The Pussycat Dolls","Tegan","F","49","Levine","245.18485","paid","Portland-South Portland, ME","620","When I Grow Up","80"
"Ryan Adams & The Cardinals","Tegan","F","50","Levine","275.22567","paid","Portland-South Portland, ME","620","Dear John","80"
"Michael BublÃÂ©","Tegan","F","51","Levine","225.90649","paid","Portland-South Portland, ME","620","Home (Album Version)","80"
"Denison Witmer","Tegan","F","52","Levine","223.18975","paid","Portland-South Portland, ME","620","Forgiven","80"
"Matt Pond PA","Tegan","F","53","Levine","245.96853","paid","Portland-South Portland, ME","620","If You Want Blood","80"
"Twista featuring Pharrell Williams","Tegan","F","54","Levine","211.59138","paid","Portland-South Portland, ME","620","Give It Up (feat. Pharrell Williams) (Amended Album Version)","80"
"Frankie Avalon","Tegan","F","55","Levine","186.20036","paid","Portland-South Portland, ME","620","You Are Mine","80"
"Frumpies","Kinsley","F","1","Young","134.47791","paid","Red Bluff, CA","436","Fuck Kitty","85"
"Cyberfit","Tegan","F","57","Levine","303.15057","paid","Portland-South Portland, ME","620","Pojo Pojo","80"
"Sheena Easton","Kinsley","F","2","Young","185.67791","paid","Red Bluff, CA","436","For Your Eyes Only","85"
"Arctic Monkeys","Kinsley","F","3","Young","173.66159","paid","Red Bluff, CA","436","Still Take You Home","85"
"Bob Dylan","Tegan","F","58","Levine","368.92689","paid","Portland-South Portland, ME","620","Like A Rolling Stone","80"
"Justin Timberlake","Kinsley","F","4","Young","284.05506","paid","Red Bluff, CA","436","Let's Take A Ride","85"
"Shinedown","Tegan","F","59","Levine","228.5971","paid","Portland-South Portland, ME","620","Begin Again (Album Version)","80"
"Coldplay","Kinsley","F","5","Young","307.51302","paid","Red Bluff, CA","436","Clocks","85"
"Kat DeLuna","Kinsley","F","6","Young","239.43791","paid","Red Bluff, CA","436","Como Un SueÃÂ±o (Am I Dreaming)","85"
"Todd Rundgren","Kinsley","F","7","Young","212.29669","paid","Red Bluff, CA","436","Lord Chancellor's Nightmare Song","85"
"Eminem / Dr. Dre / 50 Cent","Kinsley","F","8","Young","297.56036","paid","Red Bluff, CA","436","Crack A Bottle","85"
"La Roux","Kinsley","F","9","Young","205.60934","paid","Red Bluff, CA","436","Bulletproof","85"
"Aerosmith","Kinsley","F","10","Young","235.36281","paid","Red Bluff, CA","436","Pink","85"
"Colleen","Kinsley","F","11","Young","166.5824","paid","Red Bluff, CA","436","Your Heart On Your Sleeve","85"
"Nickelback","Kinsley","F","12","Young","222.82404","paid","Red Bluff, CA","436","Should've Listened (Album Version)","85"
"Daft Punk","Anabelle","F","0","Simpson","396.82567","free","Philadelphia-Camden-Wilmington, PA-NJ-DE-MD","465","Da Funk / Dadftendirekt","69"
"Alliance Ethnik","Kinsley","F","14","Young","195.94404","paid","Red Bluff, CA","436","SinceritÃÂ© Et Jalousie","85"
"Beirut","Kinsley","F","15","Young","178.72934","paid","Red Bluff, CA","436","St. Apollonia","85"
"Live","Kinsley","F","16","Young","183.69261","paid","Red Bluff, CA","436","I Walk The Line","85"
"Greg Giraldo","Kinsley","F","17","Young","243.722","paid","Red Bluff, CA","436","Monkeypox / Osama / Bird Flu (Good Day To Cross A River)","85"
"Hercules And Love Affair","Kinsley","F","18","Young","471.74485","paid","Red Bluff, CA","436","Blind (Frankie Knuckles Remix)","85"
"Junction 18","Kinsley","F","19","Young","189.28281","paid","Red Bluff, CA","436","Lost In Adeline","85"
"Plain White T S","Ava","F","1","Robinson","179.59138","free","New Haven-Milford, CT","623","Anything","50"
"A Day To Remember","Kinsley","F","20","Young","269.00853","paid","Red Bluff, CA","436","You Had Me At Hello","85"
"K. Sparks featuring Dave Barz","Ava","F","2","Robinson","186.69669","free","New Haven-Milford, CT","623","My Block","50"
"Aretha Franklin","Ava","F","3","Robinson","217.39057","free","New Haven-Milford, CT","623","You're All I Need To Get By","50"
"Muse","Kinsley","F","22","Young","304.84853","paid","Red Bluff, CA","436","Uprising","85"
"The Wallflowers","Ava","F","4","Robinson","312.63302","free","New Haven-Milford, CT","623","One Headlight","50"
"OneRepublic","Kinsley","F","23","Young","237.97506","paid","Red Bluff, CA","436","All The Right Moves","85"
"Van Halen","Kinsley","F","24","Young","209.29261","paid","Red Bluff, CA","436","Panama (Remastered Album Version)","85"
"Rihanna / will.i.am","Kinsley","F","25","Young","286.32771","paid","Red Bluff, CA","436","Photographs","85"
"Florence + The Machine","Kinsley","F","26","Young","219.66322","paid","Red Bluff, CA","436","Dog Days Are Over (Radio Edit)","85"
"M83","Kinsley","F","27","Young","391.54893","paid","Red Bluff, CA","436","Carresses","85"
"Danilo Montero","Kinsley","F","28","Young","233.482","paid","Red Bluff, CA","436","El es el Rey","85"
"The Who","Kinsley","F","29","Young","341.78567","paid","Red Bluff, CA","436","Eminence Front","85"
"Ruben Gonzalez","Kinsley","F","30","Young","150.41261","paid","Red Bluff, CA","436","Nuestra Cancion","85"
"Psychic Ills","Samuel","M","0","Gonzalez","512.96608","free","Houston-The Woodlands-Sugar Land, TX","610","I Knew My Name","61"
"Lighthouse Family","Kinsley","F","31","Young","271.93424","paid","Red Bluff, CA","436","Lifted","85"
"The Ordinary Boys","Kinsley","F","32","Young","162.87302","paid","Red Bluff, CA","436","Boys Will Be Boys","85"
"Phil Phillips","Kinsley","F","33","Young","142.31465","paid","Red Bluff, CA","436","Sea Of Love","85"
"Miike Snow","Kinsley","F","34","Young","263.88853","paid","Red Bluff, CA","436","Animal","85"
"Booka Shade","Magdalene","F","1","Herman","142.10567","free","Dallas-Fort Worth-Arlington, TX","244","No Difference","77"
"Arma Blanca","Kinsley","F","35","Young","359.8624","paid","Red Bluff, CA","436","R-Evolucion (con La Odysea y Nach) (La Mision)","85"
"Santana","Ryan","M","0","Smith","290.71628","free","San Jose-Sunnyvale-Santa Clara, CA","644","Daughter Of The Night","26"
"Kirk Franklin & The Family","Kaylee","F","0","Summers","209.37098","free","Phoenix-Mesa-Scottsdale, AZ","532","Blessing In The Storm","8"
"Be Bop Deluxe","Kaylee","F","1","Summers","314.5922","free","Phoenix-Mesa-Scottsdale, AZ","532","Axe Victim","8"
"Geri Halliwell","Kinsley","F","36","Young","224.91383","paid","Red Bluff, CA","436","Bag It Up","85"
"Scissor Sisters","Kinsley","F","37","Young","156.94322","paid","Red Bluff, CA","436","Intermission","85"
"Paramore","Kaylee","F","2","Summers","262.71302","free","Phoenix-Mesa-Scottsdale, AZ","532","Brick By Boring Brick [Acoustic Version]","8"
"Rufus Wainwright","Ryan","M","1","Smith","254.17098","free","San Jose-Sunnyvale-Santa Clara, CA","657","Waiting For A Dream","26"
"Joy Division","Jayden","F","0","Duffy","233.16853","free","Seattle-Tacoma-Bellevue, WA","640","Shadowplay","76"
"Arch Enemy","Jayden","F","1","Duffy","242.70322","free","Seattle-Tacoma-Bellevue, WA","640","Symphony Of Destruction","76"
"Johnny Cash with The Carter Family The Statler Brothers & Carl Perkins","Kaylee","F","3","Summers","308.34893","free","Phoenix-Mesa-Scottsdale, AZ","532","Closing Medley: Folsom Prison Blues/I Walk The Line/Ring Of Fire/The Rebel - Johnny Yuma","8"
"Fischer-Z","Jayden","F","3","Duffy","302.78485","free","Seattle-Tacoma-Bellevue, WA","640","So Long","76"
"Vampire Weekend","Ryan","M","0","Smith","243.04281","free","San Jose-Sunnyvale-Santa Clara, CA","660","The Kids Dont Stand A Chance (Album)","26"
"OneRepublic","Ryan","M","1","Smith","224.67873","free","San Jose-Sunnyvale-Santa Clara, CA","660","Secrets","26"
"Mariah Carey","Ryan","M","2","Smith","261.82485","free","San Jose-Sunnyvale-Santa Clara, CA","660","Bye Bye","26"
"Thyrfing","Jayden","M","0","Fox","178.6771","free","New Orleans-Metairie, LA","647","Vargavinter","101"
"Avril Lavigne","Jayden","M","1","Fox","215.562","free","New Orleans-Metairie, LA","647","Alice","101"
"Nirvana","Jayden","M","2","Fox","186.48771","free","New Orleans-Metairie, LA","647","Breed","101"
"Soundgarden","Aiden","M","0","Hess","290.11546","free","La Crosse-Onalaska, WI-MN","642","Burden In My Hand","86"
"Angels and Airwaves","Jayden","M","4","Fox","302.05342","free","New Orleans-Metairie, LA","647","The Gift","101"
"Pedro Aznar","Aiden","M","1","Hess","185.99138","free","La Crosse-Onalaska, WI-MN","642","A Primera Vista","86"
"Something Happens","Jayden","M","5","Fox","175.67302","free","New Orleans-Metairie, LA","647","Inviral Love","101"
"Kate Ryan","Ava","F","0","Robinson","209.60608","free","New Haven-Milford, CT","653","La Promesse (Radio Version)","50"
"Paramore","Matthew","M","0","Jones","198.21669","paid","Janesville-Beloit, WI","461","Let The Flames Begin (Album Version)","36"
"The RH Factor","Matthew","M","1","Jones","143.25506","paid","Janesville-Beloit, WI","461","Crazy Race","36"
"Thousand Foot Krutch","Andrea","F","0","Butler","58.87955","free","Pensacola-Ferry Pass-Brent, FL","148","The Invitation","90"
"Fey","Matthew","M","2","Jones","267.51955","paid","Janesville-Beloit, WI","461","Aire","36"
"Drowning Pool","Matthew","M","3","Jones","201.63873","paid","Janesville-Beloit, WI","461","Bodies","36"
"The Postal Service","Matthew","M","4","Jones","266.47465","paid","Janesville-Beloit, WI","461","Such Great Heights","36"
"Beastie Boys","Matthew","M","5","Jones","211.722","paid","Janesville-Beloit, WI","461","Unite (2009 Digital Remaster)","36"
"Jamie Cullum","Kate","F","0","Harrell","236.79955","paid","Lansing-East Lansing, MI","633","Love Ain't Gonna Let You Down","97"
"Ours","Matthew","M","6","Jones","240.03873","paid","Janesville-Beloit, WI","461","Fallen Souls","36"
"Justin Bieber","Kate","F","1","Harrell","214.67383","paid","Lansing-East Lansing, MI","633","One Time","97"
"Kings Of Leon","Matthew","M","7","Jones","196.72771","paid","Janesville-Beloit, WI","461","Pistol Of Fire","36"
"Absu","Kate","F","2","Harrell","57.15546","paid","Lansing-East Lansing, MI","633","Twix Yesterday_ the Day & the Morrow","97"
"Bon Iver","Kate","F","3","Harrell","329.24689","paid","Lansing-East Lansing, MI","633","Blindsided","97"
"O'Death","Kate","F","4","Harrell","130.95138","paid","Lansing-East Lansing, MI","633","Gas Can Row","97"
"Enya","Kate","F","5","Harrell","227.39546","paid","Lansing-East Lansing, MI","633","Wild Child","97"
"Radiohead","Matthew","M","9","Jones","298.13506","paid","Janesville-Beloit, WI","461","Let Down","36"
"Julie London","Kate","F","6","Harrell","165.58975","paid","Lansing-East Lansing, MI","633","Get Set For The Blues","97"
"Mindy Smith","Matthew","M","10","Jones","257.17506","paid","Janesville-Beloit, WI","461","Jolene (Bonus Track)","36"
"Rogue Wave","Kate","F","7","Harrell","395.88526","paid","Lansing-East Lansing, MI","633","Harmonium","97"
"zebrahead","Matthew","M","11","Jones","229.77261","paid","Janesville-Beloit, WI","461","Wake Me Up","36"
"Faudel","Kate","F","8","Harrell","224.57424","paid","Lansing-East Lansing, MI","633","Mon Pays","97"
"St. Vincent","Matthew","M","12","Jones","324.10077","paid","Janesville-Beloit, WI","461","Just The Same But Brand New","36"
"Frankie Valli","Kate","F","9","Harrell","201.87383","paid","Lansing-East Lansing, MI","633","Grease (LP Version)","97"
"The Housemartins","Matthew","M","13","Jones","124.05506","paid","Janesville-Beloit, WI","461","He Ain't Heavy_ He's My Brother","36"
"RÃÂ¶yksopp","Kate","F","10","Harrell","300.14649","paid","Lansing-East Lansing, MI","633","What Else Is There?","97"
"Eagles","Ava","F","0","Robinson","181.86404","free","New Haven-Milford, CT","667","Earlybird (LP Version)","50"
"David Arkenstone","Matthew","M","14","Jones","363.41506","paid","Janesville-Beloit, WI","461","Waterfall (Spirit Of The Rainforest Album Version)","36"
"Metric","Kate","F","11","Harrell","286.24934","paid","Lansing-East Lansing, MI","633","Help I'm Alive","97"
"BMX Bandits","Matthew","M","15","Jones","161.27955","paid","Janesville-Beloit, WI","461","Mailbox","36"
"Hot Chip","Kate","F","12","Harrell","240.37832","paid","Lansing-East Lansing, MI","633","Beach Party","97"
"Justice","Kate","F","13","Harrell","285.41342","paid","Lansing-East Lansing, MI","633","Phantom Part 1.5 (Album Version)","97"
"The Pussycat Dolls","Kate","F","14","Harrell","197.90322","paid","Lansing-East Lansing, MI","633","I'm Done","97"
"N.E.R.D.","Kate","F","15","Harrell","259.23873","paid","Lansing-East Lansing, MI","633","Rock Star","97"
"Eminem","Matthew","M","18","Jones","261.72036","paid","Janesville-Beloit, WI","461","Evil Deeds","36"
"Guns N' Roses","Kate","F","16","Harrell","455.52281","paid","Lansing-East Lansing, MI","633","Sympathy For The Devil","97"
"Leon Jackson","Matthew","M","19","Jones","252.23791","paid","Janesville-Beloit, WI","461","When You Believe","36"
"Drowning Pool","Matthew","M","20","Jones","219.79383","paid","Janesville-Beloit, WI","461","Hate","36"
"Michael BublÃÂ©","Kate","F","17","Harrell","194.55955","paid","Lansing-East Lansing, MI","633","Can't Buy Me Love (Album Version)","97"
"Kings Of Leon","Matthew","M","22","Jones","201.79546","paid","Janesville-Beloit, WI","461","Revelry","36"
"Theory Of A Deadman","Kate","F","18","Harrell","184.89424","paid","Lansing-East Lansing, MI","633","Say Goodbye (Album Version)","97"
"Dashboard Confessional","Kate","F","21","Harrell","147.30404","paid","Lansing-East Lansing, MI","633","The Good Fight","97"
"Future Rock","Matthew","M","24","Jones","239.90812","paid","Janesville-Beloit, WI","461","Gears","36"
"The Cinematic Orchestra feat. Lou Rhodes","Kate","F","22","Harrell","306.20689","paid","Lansing-East Lansing, MI","633","Music Box","97"
"The Police","Matthew","M","25","Jones","300.14649","paid","Janesville-Beloit, WI","461","Walking On The Moon","36"
"Black Eyed Peas","Kate","F","23","Harrell","214.93506","paid","Lansing-East Lansing, MI","633","Pump It","97"
"The Mars Volta","Matthew","M","26","Jones","1001.74322","paid","Janesville-Beloit, WI","461","Tetragrammaton","36"
"Crayons","Ryan","M","1","Smith","462.07955","free","San Jose-Sunnyvale-Santa Clara, CA","663","There You Go","26"
"Dear Nora","Kate","F","24","Harrell","59.66322","paid","Lansing-East Lansing, MI","633","Give Me Some Of Yr Love","97"
"Lil Scrappy","Kate","F","25","Harrell","238.78485","paid","Lansing-East Lansing, MI","633","Like Me (Amended Version)","97"
"Escape The Fate","Kate","F","26","Harrell","266.73587","paid","Lansing-East Lansing, MI","633","This War Is Ours (The Guillotine II)","97"
"Travis","Layla","F","0","Griffin","238.15791","paid","Lake Havasu City-Kingman, AZ","407","Side","24"
"The xx","Ryan","M","2","Smith","188.55138","free","San Jose-Sunnyvale-Santa Clara, CA","663","Basic Space","26"
"HÃÂ©roes del Silencio","Kate","F","27","Harrell","245.02812","paid","Lansing-East Lansing, MI","633","Parasiempre","97"
"Crosby_ Stills & Nash","Layla","F","1","Griffin","444.05506","paid","Lake Havasu City-Kingman, AZ","407","Suite: Judy Blue Eyes [Remastered LP Version]","24"
"Bad Brains","Kate","F","28","Harrell","142.78485","paid","Lansing-East Lansing, MI","633","No Conditions","97"
"James Taylor","Matthew","M","27","Jones","214.22975","paid","Janesville-Beloit, WI","461","Secret O' Life","36"
"Train","Kate","F","29","Harrell","216.76363","paid","Lansing-East Lansing, MI","633","Hey_ Soul Sister","97"
"Florence + The Machine","Layla","F","2","Griffin","131.3171","paid","Lake Havasu City-Kingman, AZ","407","Kiss With A Fist","24"
"Veggie Tales (Veggie Tunes)","Matthew","M","28","Jones","131.23873","paid","Janesville-Beloit, WI","461","King Darius Suite (LP Version)","36"
"Alliance Ethnik","Kate","F","30","Harrell","195.94404","paid","Lansing-East Lansing, MI","633","SinceritÃÂ© Et Jalousie","97"
"Minnie Riperton","Layla","F","3","Griffin","164.25751","paid","Lake Havasu City-Kingman, AZ","407","Seeing You This Way","24"
"Weezer","Matthew","M","29","Jones","159.55546","paid","Janesville-Beloit, WI","461","Buddy Holly","36"
"Warrior King","Kate","F","31","Harrell","257.20118","paid","Lansing-East Lansing, MI","633","Baby Don't Worry","97"
"Colbie Caillat","Matthew","M","30","Jones","244.08771","paid","Janesville-Beloit, WI","461","Realize","36"
"Passion Pit","Layla","F","4","Griffin","174.75873","paid","Lake Havasu City-Kingman, AZ","407","Sleepyhead","24"
"Tilly & The Wall","Layla","F","6","Griffin","169.58649","paid","Lake Havasu City-Kingman, AZ","407","Pot Kettle Black","24"
"John Mayer","Kate","F","32","Harrell","241.6322","paid","Lansing-East Lansing, MI","633","Back To You","97"
"The Killers","Matthew","M","31","Jones","344.78975","paid","Janesville-Beloit, WI","461","Everything Will Be Alright","36"
"The Morning Benders","Layla","F","7","Griffin","235.20608","paid","Lake Havasu City-Kingman, AZ","407","Wet Cement","24"
"Bon Iver","Kate","F","33","Harrell","186.122","paid","Lansing-East Lansing, MI","633","Creature Fear","97"
"Kelly Clarkson","Layla","F","8","Griffin","281.5473","paid","Lake Havasu City-Kingman, AZ","407","Already Gone","24"
"Children Of Bodom","Matthew","M","32","Jones","284.96934","paid","Janesville-Beloit, WI","461","Hate me !","36"
"The Black Keys","Kate","F","34","Harrell","191.76444","paid","Lansing-East Lansing, MI","633","Howlin For You","97"
"The Perishers","Kate","F","35","Harrell","234.16118","paid","Lansing-East Lansing, MI","633","Pills (Live)","97"
"Train","Layla","F","9","Griffin","239.93424","paid","Lake Havasu City-Kingman, AZ","407","Meet Virginia","24"
"Barry Manilow","Matthew","M","33","Jones","187.48036","paid","Janesville-Beloit, WI","461","Can't Smile Without You","36"
"Mary MacGregor","Matthew","M","34","Jones","218.20036","paid","Janesville-Beloit, WI","461","Torn Between Two Lovers","36"
"Alex Gaudino Feat. Shena","Layla","F","15","Griffin","174.70649","paid","Lake Havasu City-Kingman, AZ","407","Watch Out","24"
"Passion Pit","Layla","F","16","Griffin","174.75873","paid","Lake Havasu City-Kingman, AZ","407","Sleepyhead","24"
"The Academy Is...","Matthew","M","35","Jones","248.45016","paid","Janesville-Beloit, WI","461","Every Burden Has A Version (Bonus Track)","36"
"No Te Va Gustar","Layla","F","17","Griffin","263.36608","paid","Lake Havasu City-Kingman, AZ","407","Al VacÃÂ­o","24"
"Jadakiss","Matthew","M","36","Jones","192.13016","paid","Janesville-Beloit, WI","461","Kiss Of Death","36"
"Coldplay","Layla","F","18","Griffin","268.30322","paid","Lake Havasu City-Kingman, AZ","407","Yellow","24"
"Markus KrunegÃÂ¥rd","Matthew","M","37","Jones","185.5473","paid","Janesville-Beloit, WI","461","Genom tunna tyger","36"
"Expensive Soul","Matthew","M","38","Jones","242.78159","paid","Janesville-Beloit, WI","461","ÃÂ Aqui Que Se Passa Tudo","36"
"Billy Squier","Layla","F","19","Griffin","282.04363","paid","Lake Havasu City-Kingman, AZ","407","Lonely Is The Night","24"
"Eminem","Matthew","M","39","Jones","268.5122","paid","Janesville-Beloit, WI","461","My Name Is","36"
"Bright Eyes","Layla","F","20","Griffin","190.11873","paid","Lake Havasu City-Kingman, AZ","407","Drunk Kid Catholic","24"
"The New Pornographers","Matthew","M","40","Jones","272.71791","paid","Janesville-Beloit, WI","461","Go Places","36"
"Craig David","Layla","F","21","Griffin","255.60771","paid","Lake Havasu City-Kingman, AZ","407","Fast Cars","24"
"The Strokes","Matthew","M","41","Jones","278.64771","paid","Janesville-Beloit, WI","461","On The Other Side","36"
"Andrew Bird","Layla","F","22","Griffin","305.81506","paid","Lake Havasu City-Kingman, AZ","407","How You Gonna Keep 'Em Down On The Farm","24"
"Against Me!","Chloe","F","0","Cuevas","160.67873","paid","San Francisco-Oakland-Hayward, CA","648","Sink_ Florida_ Sink","49"
"Melendi","Matthew","M","42","Jones","218.22649","paid","Janesville-Beloit, WI","461","Quiero Ser Feliz","36"
"Belanova","Layla","F","23","Griffin","205.50485","paid","Lake Havasu City-Kingman, AZ","407","Escena Final","24"
"Xavier Rudd","Chloe","F","1","Cuevas","252.00281","paid","San Francisco-Oakland-Hayward, CA","648","Let Me Be","49"
"Eric Church","Matthew","M","43","Jones","190.64118","paid","Janesville-Beloit, WI","461","Guys Like Me","36"
"Tub Ring","Chloe","F","2","Cuevas","233.69098","paid","San Francisco-Oakland-Hayward, CA","648","Invalid","49"
"Alison Limerick","Matthew","M","44","Jones","416.02567","paid","Janesville-Beloit, WI","461","Where Love Lives (Come On In)","36"
"Godsmack","Chloe","F","3","Cuevas","543.52934","paid","San Francisco-Oakland-Hayward, CA","648","Voodoo","49"
"Erin McKeown","Matthew","M","45","Jones","180.1922","paid","Janesville-Beloit, WI","461","La Petite Mort","36"
"El-P","Matthew","M","46","Jones","289.33179","paid","Janesville-Beloit, WI","461","Poisenville Kids No Wins","36"
"Race Horses","Chloe","F","4","Cuevas","120.73751","paid","San Francisco-Oakland-Hayward, CA","648","No Man's Land","49"
"Juanes","Chloe","F","5","Cuevas","207.20281","paid","San Francisco-Oakland-Hayward, CA","648","Rosario Tijeras","49"
"Coldplay","Matthew","M","47","Jones","200.93342","paid","Janesville-Beloit, WI","461","Cemeteries Of London","36"
"Naast","Chloe","F","6","Cuevas","175.85587","paid","San Francisco-Oakland-Hayward, CA","648","Coeur De Glace","49"
"Nickelback","Matthew","M","48","Jones","238.18404","paid","Janesville-Beloit, WI","461","Far Away (Album Version)","36"
"Cartola","Matthew","M","49","Jones","127.242","paid","Janesville-Beloit, WI","461","Tive Sim","36"
"Cascada","Matthew","M","50","Jones","302.91546","paid","Janesville-Beloit, WI","461","Truly_ Madly_ Deeply","36"
"Rihanna","Jayden","M","0","Fox","208.40444","free","New Orleans-Metairie, LA","665","Te Amo","101"
"Martin O'Donnell And Michael Salvatori","Matthew","M","51","Jones","185.80853","paid","Janesville-Beloit, WI","461","Reclaimer","36"
"Lulu","Matthew","M","52","Jones","131.60444","paid","Janesville-Beloit, WI","461","Where Did You Come From (2002 Digital Remaster)","36"
"Shinedown","Matthew","M","53","Jones","191.05914","paid","Janesville-Beloit, WI","461","Cyanide Sweet Tooth Suicide (Album Version)","36"
"Cage The Elephant","Matthew","M","54","Jones","147.59138","paid","Janesville-Beloit, WI","461","Drones In The Valley","36"
"Interpol","Matthew","M","55","Jones","299.72853","paid","Janesville-Beloit, WI","461","Rest My Chemistry","36"
"Passenger 10","Chloe","F","8","Cuevas","392.75057","paid","San Francisco-Oakland-Hayward, CA","648","Passenger 10","49"
"Relient K","Chloe","F","9","Cuevas","189.04771","paid","San Francisco-Oakland-Hayward, CA","648","I Celebrate The Day (Digital Single)","49"
"Fonseca","Chloe","F","10","Cuevas","228.57098","paid","San Francisco-Oakland-Hayward, CA","648","Te Mando Flores","49"
"Hinder","Chloe","F","11","Cuevas","262.05995","paid","San Francisco-Oakland-Hayward, CA","648","Lips Of An Angel","49"
"Radney Foster","Kaylee","F","0","Summers","288.96608","free","Phoenix-Mesa-Scottsdale, AZ","661","Sweet And Wild","8"
"Tenacious D","Chloe","F","12","Cuevas","37.0673","paid","San Francisco-Oakland-Hayward, CA","648","Destiny","49"
"David Banner / Lil' Flip","Chloe","F","13","Cuevas","258.06322","paid","San Francisco-Oakland-Hayward, CA","648","Like A Pimp","49"
"Battles","Kaylee","F","1","Summers","118.85669","free","Phoenix-Mesa-Scottsdale, AZ","661","Snare Hangar","8"
"Carla Bruni","Chloe","F","14","Cuevas","163.02975","paid","San Francisco-Oakland-Hayward, CA","648","Quelqu'un M'a Dit (Album Version)","49"
"Hootie And The Blowfish","Chloe","F","15","Cuevas","194.58567","paid","San Francisco-Oakland-Hayward, CA","648","I Go Blind (LP Version)","49"
"La Polla Records","Chloe","F","16","Cuevas","69.98159","paid","San Francisco-Oakland-Hayward, CA","648","Lucky Man For You","49"
"Phish","Chloe","F","17","Cuevas","319.29424","paid","San Francisco-Oakland-Hayward, CA","648","Prince Caspian","49"
"Eminem / Nate Dogg","Chloe","F","18","Cuevas","297.9522","paid","San Francisco-Oakland-Hayward, CA","648","'Till I Collapse","49"
"Rise Against","Chloe","F","19","Cuevas","167.65342","paid","San Francisco-Oakland-Hayward, CA","648","But Tonight We Dance","49"
"Jimmy Eat World","Chloe","F","20","Cuevas","166.00771","paid","San Francisco-Oakland-Hayward, CA","648","The Middle","49"
"Josh Rouse","Chloe","F","21","Cuevas","264.25424","paid","San Francisco-Oakland-Hayward, CA","648","Street Lights","49"
"The Prodigy","Chloe","F","22","Cuevas","308.4273","paid","San Francisco-Oakland-Hayward, CA","648","Spitfire (Album Version)","49"
"Timbaland / Keri Hilson / D.O.E.","Chloe","F","23","Cuevas","179.25179","paid","San Francisco-Oakland-Hayward, CA","648","The Way I Are","49"
"Yann Tiersen","Chloe","F","24","Cuevas","55.69261","paid","San Francisco-Oakland-Hayward, CA","648","IV","49"
"Carolina Chocolate Drops","Chloe","F","25","Cuevas","147.46077","paid","San Francisco-Oakland-Hayward, CA","648","Cindy Gal (Album Version)","49"
"Mpiri","Chloe","F","26","Cuevas","269.92281","paid","San Francisco-Oakland-Hayward, CA","648","EG GLEÃÂIST SO HVÃÂRT JÃÂLAKVÃÂLD","49"
"Hollywood Undead","Chloe","F","27","Cuevas","174.2624","paid","San Francisco-Oakland-Hayward, CA","648","Dove And Grenade","49"
"Eminem","Chloe","F","28","Cuevas","248.58077","paid","San Francisco-Oakland-Hayward, CA","648","Just Lose It","49"
"Pearl Jam","Chloe","F","29","Cuevas","179.33016","paid","San Francisco-Oakland-Hayward, CA","648","Let Me Sleep (It's Christmas Time)","49"
"Limp Bizkit","Chloe","F","34","Cuevas","214.5171","paid","San Francisco-Oakland-Hayward, CA","648","Rollin' (Air Raid Vehicle)","49"
"Calogero","Chloe","F","35","Cuevas","264.202","paid","San Francisco-Oakland-Hayward, CA","648","Aussi Libre Que Moi","49"
"HELLYEAH","Chloe","F","36","Cuevas","58.95791","paid","San Francisco-Oakland-Hayward, CA","648","In the Mood","49"
"K'Naan","Chloe","F","37","Cuevas","220.49914","paid","San Francisco-Oakland-Hayward, CA","648","Wavin'  Flag","49"
"Cameo","Sylvie","F","0","Cruz","211.98322","free","Washington-Arlington-Alexandria, DC-VA-MD-WV","577","Word Up!","10"
"Beastie Boys","Chloe","F","38","Cuevas","172.22485","paid","San Francisco-Oakland-Hayward, CA","648","The Maestro","49"
"TrentemÃÂ¸ller","Chloe","F","39","Cuevas","247.562","paid","San Francisco-Oakland-Hayward, CA","648","Miss You","49"
"Eagle Seagull","Chloe","F","40","Cuevas","242.6771","paid","San Francisco-Oakland-Hayward, CA","648","You Can't Call Yourself A Secret","49"
"Luke Bryan","Chloe","F","41","Cuevas","175.17669","paid","San Francisco-Oakland-Hayward, CA","648","Rain Is A Good Thing","49"
"Steve Ouimette","Chloe","F","42","Cuevas","375.06567","paid","San Francisco-Oakland-Hayward, CA","648","The Devil Went Down To Georgia","49"
"Jill Scott","Chloe","F","43","Cuevas","231.52281","paid","San Francisco-Oakland-Hayward, CA","648","Golden","49"
"Edward Sharpe & The Magnetic Zeros","Chloe","F","44","Cuevas","306.31138","paid","San Francisco-Oakland-Hayward, CA","648","Home","49"
"Muse","Chloe","F","45","Cuevas","346.69669","paid","San Francisco-Oakland-Hayward, CA","648","Resistance","49"
"Usher featuring will.i.am","Chloe","F","46","Cuevas","395.72853","paid","San Francisco-Oakland-Hayward, CA","648","OMG","49"
"Nine Inch Nails","Chloe","F","47","Cuevas","254.71955","paid","San Francisco-Oakland-Hayward, CA","648","Gave Up","49"
"Franz Ferdinand","Chloe","F","48","Cuevas","254.79791","paid","San Francisco-Oakland-Hayward, CA","648","This Fire","49"
"America","Chloe","F","49","Cuevas","223.97342","paid","San Francisco-Oakland-Hayward, CA","648","Tin Man (Live)","49"
"Built To Spill","Chloe","F","51","Cuevas","357.642","paid","San Francisco-Oakland-Hayward, CA","648","Some (Album)","49"
"Gorillaz","Chloe","F","52","Cuevas","196.91057","paid","San Francisco-Oakland-Hayward, CA","648","Broken","49"
"N.E.R.D. FEATURING MALICE","Jayden","M","0","Fox","288.9922","free","New Orleans-Metairie, LA","184","Am I High (Feat. Malice)","101"
"Death Cab for Cutie","Stefany","F","1","White","216.42404","free","Lubbock, TX","82","A Lack Of Color (Album Version)","83"
"Tracy Gang Pussy","Stefany","F","2","White","221.33506","free","Lubbock, TX","82","I Have A Wish","83"
"Skillet","Kevin","M","0","Arellano","178.02404","free","Harrisburg-Carlisle, PA","153","Monster (Album Version)","66"
"Dance Gavin Dance","Marina","F","0","Sutton","218.46159","free","Salinas, CA","47","Uneasy Hearts Weigh The Most","48"
"Dalto","Aiden","M","1","Hess","190.40608","free","La Crosse-Onalaska, WI-MN","170","Falta Te Dizer","86"
"Kanye West","Makinley","F","0","Jones","278.88281","free","Chicago-Naperville-Elgin, IL-IN-WI","118","Family Business","17"
"Jason Mraz & Colbie Caillat","Kevin","M","0","Arellano","189.6224","free","Harrisburg-Carlisle, PA","187","Lucky (Album Version)","66"
"Liz Callaway","Lily","F","0","Koch","175.43791","paid","Chicago-Naperville-Elgin, IL-IN-WI","172","Journey To The Past  (LP Version)","15"
"The Decemberists","Lily","F","1","Koch","242.59873","paid","Chicago-Naperville-Elgin, IL-IN-WI","172","Everything I Try to Do_ Nothing Seems to Turn Out Right","15"
"Christina Aguilera","Lily","F","2","Koch","254.48444","paid","Chicago-Naperville-Elgin, IL-IN-WI","172","Impossible","15"
"OneRepublic","Lily","F","3","Koch","224.67873","paid","Chicago-Naperville-Elgin, IL-IN-WI","172","Secrets","15"
"Cat Stevens","Kynnedi","F","1","Sanchez","200.202","free","Cedar Rapids, IA","88","Wild World","89"
"Brett Dennen","Lily","F","4","Koch","179.66975","paid","Chicago-Naperville-Elgin, IL-IN-WI","172","World Keeps Turning","15"
"Godsmack","Lily","F","5","Koch","208.24771","paid","Chicago-Naperville-Elgin, IL-IN-WI","172","Greed","15"
"Anis","Lily","F","6","Koch","246.59546","paid","Chicago-Naperville-Elgin, IL-IN-WI","172","Swing Javanaise","15"
"Tiziano Ferro","Lily","F","7","Koch","251.42812","paid","Chicago-Naperville-Elgin, IL-IN-WI","172","Ed Ero Contentissimo","15"
"Kylie Auldist","Lily","F","8","Koch","265.92608","paid","Chicago-Naperville-Elgin, IL-IN-WI","172","Ship Inside A Bottle","15"
"Benga","Lily","F","9","Koch","286.17098","paid","Chicago-Naperville-Elgin, IL-IN-WI","172","The Cut","15"
"T. Rex","Lily","F","10","Koch","132.85832","paid","Chicago-Naperville-Elgin, IL-IN-WI","172","Ride A White Swan","15"
"Mexican Institute of Sound","Lily","F","11","Koch","278.04689","paid","Chicago-Naperville-Elgin, IL-IN-WI","172","Mirando a Las Muchachas","15"
"Velour 100","Lily","F","12","Koch","202.29179","paid","Chicago-Naperville-Elgin, IL-IN-WI","172","Clouds (Of Color Bright Album Version)","15"
"Maria de Barros","Lily","F","13","Koch","276.29669","paid","Chicago-Naperville-Elgin, IL-IN-WI","172","Riberonzinha","15"
"Toby Keith","Lily","F","14","Koch","177.162","paid","Chicago-Naperville-Elgin, IL-IN-WI","172","Big Blue Note","15"
"Marques Houston","Lily","F","15","Koch","264.98567","paid","Chicago-Naperville-Elgin, IL-IN-WI","172","Naked","15"
"Commit Suicide","Lily","F","16","Koch","105.482","paid","Chicago-Naperville-Elgin, IL-IN-WI","172","In All This Revelation","15"
"Smile Empty Soul","Lily","F","17","Koch","218.61832","paid","Chicago-Naperville-Elgin, IL-IN-WI","172","Bottom of a Bottle (Explicit Album Version)","15"
"Amy Winehouse","Lily","F","18","Koch","221.1522","paid","Chicago-Naperville-Elgin, IL-IN-WI","172","Wake Up Alone","15"
"Eyehategod","Lily","F","19","Koch","155.66322","paid","Chicago-Naperville-Elgin, IL-IN-WI","172","Sisterfucker (part Ii)","15"
"Sunidhi Chauhan / Anu Malik / Jatin Sharma","Lily","F","20","Koch","319.32036","paid","Chicago-Naperville-Elgin, IL-IN-WI","172","Dekh Le","15"
"Blondie","Lily","F","21","Koch","127.73832","paid","Chicago-Naperville-Elgin, IL-IN-WI","172","Little Girl Lies (2001 Digital Remaster)","15"
"She & Him","Lily","F","23","Koch","167.83628","paid","Chicago-Naperville-Elgin, IL-IN-WI","172","Got Me","15"
"The Black Keys","Lily","F","24","Koch","294.76526","paid","Chicago-Naperville-Elgin, IL-IN-WI","172","The Lengths","15"
"Survivor","Lily","F","25","Koch","245.36771","paid","Chicago-Naperville-Elgin, IL-IN-WI","172","Eye Of The Tiger","15"
"Conya Doss","Lily","F","26","Koch","317.98812","paid","Chicago-Naperville-Elgin, IL-IN-WI","172","I Miss You","15"
"Disney Studio Chorus","Lily","F","28","Koch","234.84036","paid","Chicago-Naperville-Elgin, IL-IN-WI","172","Little April Shower","15"
"Dirty Projectors","Lily","F","29","Koch","319.63383","paid","Chicago-Naperville-Elgin, IL-IN-WI","172","Stillness Is The Move","15"
"Boom Bip","Lily","F","30","Koch","330.16118","paid","Chicago-Naperville-Elgin, IL-IN-WI","172","From Left To Right","15"
"Avantasia","Lily","F","31","Koch","368.97914","paid","Chicago-Naperville-Elgin, IL-IN-WI","172","Shelter From The Rain","15"
"Amon Amarth","Lily","F","32","Koch","312.29342","paid","Chicago-Naperville-Elgin, IL-IN-WI","172","North Sea Storm (Live)","15"
"Young Money featuring Lloyd","Lily","F","33","Koch","196.33587","paid","Chicago-Naperville-Elgin, IL-IN-WI","172","BedRock (Radio Edit) (feat.Lloyd)","15"
"Breakbeat Era","Lily","F","34","Koch","326.32118","paid","Chicago-Naperville-Elgin, IL-IN-WI","172","Anti-Everything","15"
"Local Natives","Lily","F","35","Koch","237.92281","paid","Chicago-Naperville-Elgin, IL-IN-WI","172","Airplanes","15"
"Gabriella Cilmi","Lily","F","36","Koch","207.38567","paid","Chicago-Naperville-Elgin, IL-IN-WI","172","Awkward Game","15"
"Minus The Bear","Tegan","F","1","Levine","219.76771","free","Portland-South Portland, ME","165","Knights","80"
"Calle 13 Featuring CafÃÂ© Tacuba","Lily","F","37","Koch","293.32853","paid","Chicago-Naperville-Elgin, IL-IN-WI","172","No Hay Nadie Como TÃÂº","15"
"Frumpies","Aleena","F","0","Kirby","134.47791","paid","Waterloo-Cedar Falls, IA","157","Fuck Kitty","44"
"D-12","Aleena","F","1","Kirby","261.40689","paid","Waterloo-Cedar Falls, IA","157","Barbershop","44"
"Emil Gilels/Orchestre de la SociÃÂ©tÃÂ© des Concerts du Conservatoire/AndrÃÂ© Cluytens","Tegan","F","2","Levine","375.19628","free","Portland-South Portland, ME","165","Piano Concerto No. 2 in G minor Op. 22 (2006 Digital Remaster): III.  Presto","80"
"Dragonette","Lily","F","38","Koch","246.49098","paid","Chicago-Naperville-Elgin, IL-IN-WI","172","Fixin to Thrill","15"
"Pennywise","Mohammad","M","0","Rodriguez","188.26404","free","Sacramento--Roseville--Arden-Arcade, CA","87","The Western World","88"
"Kanye West","Aleena","F","2","Kirby","238.52363","paid","Waterloo-Cedar Falls, IA","157","Flashing Lights","44"
"Flash And The Pan","Lily","F","39","Koch","224.65261","paid","Chicago-Naperville-Elgin, IL-IN-WI","172","Waiting for a Train [Single Mix]","15"
"Washed Out","Tegan","F","3","Levine","168.6722","free","Portland-South Portland, ME","165","New Theory","80"
"Katy Perry","Aleena","F","3","Kirby","179.40853","paid","Waterloo-Cedar Falls, IA","157","I Kissed A Girl","44"
"AFI","Lily","F","40","Koch","198.97424","paid","Chicago-Naperville-Elgin, IL-IN-WI","172","Miss Murder","15"
"Drake / Kanye West / Lil Wayne / Eminem","Aleena","F","4","Kirby","357.66812","paid","Waterloo-Cedar Falls, IA","157","Forever","44"
"The Crests","Lily","F","41","Koch","182.88281","paid","Chicago-Naperville-Elgin, IL-IN-WI","172","16 Candles","15"
"Nirvana","Lily","F","42","Koch","219.08853","paid","Chicago-Naperville-Elgin, IL-IN-WI","172","Come As You Are","15"
"Knights Of The Abyss","Aleena","F","5","Kirby","205.66159","paid","Waterloo-Cedar Falls, IA","157","Dragon Pie","44"
"Binary Star","Lily","F","43","Koch","300.19873","paid","Chicago-Naperville-Elgin, IL-IN-WI","172","Honest Expression","15"
"Nada Surf","Aleena","F","6","Kirby","181.08036","paid","Waterloo-Cedar Falls, IA","157","Whose Authority","44"
"Blank & Jones","Aleena","F","7","Kirby","310.15138","paid","Waterloo-Cedar Falls, IA","157","Beyond Time (Ambient Mix)","44"
"Carnifex","Lily","F","44","Koch","219.89832","paid","Chicago-Naperville-Elgin, IL-IN-WI","172","By Darkness Enslaved","15"
"Bono / Secret Machines","Lily","F","45","Koch","285.43955","paid","Chicago-Naperville-Elgin, IL-IN-WI","172","I Am The Walrus","15"
"Broadcast 2000","Aleena","F","8","Kirby","198.84363","paid","Waterloo-Cedar Falls, IA","157","The View","44"
"Pixies","Aleena","F","9","Kirby","229.3024","paid","Waterloo-Cedar Falls, IA","157","Where Is My Mind?","44"
"Kings Of Leon","Lily","F","46","Koch","242.99057","paid","Chicago-Naperville-Elgin, IL-IN-WI","172","Holy Roller Novocaine","15"
"Arctic Monkeys","Aleena","F","10","Kirby","221.85751","paid","Waterloo-Cedar Falls, IA","157","You Know I'm No Good","44"
"Alliance Ethnik","Lily","F","47","Koch","252.21179","paid","Chicago-Naperville-Elgin, IL-IN-WI","172","ReprÃÂ©sente","15"
"Apocalyptica","Chloe","F","0","Cuevas","409.86077","free","San Francisco-Oakland-Hayward, CA","179","Coma","49"
"Big Tymers","Aleena","F","11","Kirby","256.15628","paid","Waterloo-Cedar Falls, IA","157","Lil Mama","44"
"Pat Green","Lily","F","48","Koch","295.33995","paid","Chicago-Naperville-Elgin, IL-IN-WI","172","Whiskey","15"
"Daughtry","Aleena","F","12","Kirby","249.91302","paid","Waterloo-Cedar Falls, IA","157","No Surprise","44"
"Air","Chloe","F","1","Cuevas","212.21832","free","San Francisco-Oakland-Hayward, CA","179","Playground Love","49"
"Sam Cooke","Lily","F","49","Koch","122.04363","paid","Chicago-Naperville-Elgin, IL-IN-WI","172","Ain't Misbehavin","15"
"Live","Aleena","F","13","Kirby","203.28444","paid","Waterloo-Cedar Falls, IA","157","Deep Enough","44"
"Everclear","Lily","F","50","Koch","222.61506","paid","Chicago-Naperville-Elgin, IL-IN-WI","172","Summerland","15"
"Alison Krauss / Union Station","Aleena","F","14","Kirby","129.67138","paid","Waterloo-Cedar Falls, IA","157","Down To The River To Pray","44"
"The All-American Rejects","Lily","F","51","Koch","239.22893","paid","Chicago-Naperville-Elgin, IL-IN-WI","172","Move Along","15"
"Covenant","Aleena","F","15","Kirby","300.19873","paid","Waterloo-Cedar Falls, IA","157","XRDS","44"
"You Me At Six","Aiden","M","0","Hess","191.13751","free","La Crosse-Onalaska, WI-MN","189","Liquid Confidence","86"
"Motion City Soundtrack","Lily","F","52","Koch","206.34077","paid","Chicago-Naperville-Elgin, IL-IN-WI","172","Everything Is Alright (Album Version)","15"
"FM Static","Lily","F","53","Koch","169.84771","paid","Chicago-Naperville-Elgin, IL-IN-WI","172","Something To Believe In","15"
"Dave Gahan","Lily","F","54","Koch","272.92689","paid","Chicago-Naperville-Elgin, IL-IN-WI","172","Kingdom","15"
"Metallica","Lily","F","55","Koch","319.73832","paid","Chicago-Naperville-Elgin, IL-IN-WI","172","Mama Said","15"
"Dr. Hook","Lily","F","56","Koch","229.77261","paid","Chicago-Naperville-Elgin, IL-IN-WI","172","Sylvia's Mother","15"
"Gotan Project","Lily","F","57","Koch","321.30567","paid","Chicago-Naperville-Elgin, IL-IN-WI","172","Diferente","15"
"Carrie Underwood","Lily","F","58","Koch","221.3873","paid","Chicago-Naperville-Elgin, IL-IN-WI","172","Play On","15"
"Ut","Lily","F","59","Koch","313.86077","paid","Chicago-Naperville-Elgin, IL-IN-WI","172","I.D.","15"
"Lil Wayne / Eminem","Lily","F","60","Koch","229.58975","paid","Chicago-Naperville-Elgin, IL-IN-WI","172","Drop The World","15"
"Damage","Lily","F","61","Koch","263.18322","paid","Chicago-Naperville-Elgin, IL-IN-WI","172","For Your Pleasure","15"
"Rionegro / SolimÃÂµes","Lily","F","62","Koch","280.92036","paid","Chicago-Naperville-Elgin, IL-IN-WI","172","De SÃÂ£o Paulo ÃÂ BelÃÂ©m","15"
"Drive-By Truckers","Lily","F","63","Koch","246.22975","paid","Chicago-Naperville-Elgin, IL-IN-WI","172","Outfit","15"
"Tweet","Lily","F","64","Koch","256.39138","paid","Chicago-Naperville-Elgin, IL-IN-WI","172","Smoking Cigarettes (LP Version)","15"
"Ben Folds Five","Lily","F","65","Koch","207.882","paid","Chicago-Naperville-Elgin, IL-IN-WI","172","Steven's Last Night In Town","15"
"Glen Hansard","Lily","F","66","Koch","239.59465","paid","Chicago-Naperville-Elgin, IL-IN-WI","172","Lies","15"
"Chevelle","Adler","M","0","Barrera","389.85098","free","New York-Newark-Jersey City, NY-NJ-PA","174","Dos (LP Version)","100"
"Bill Withers","Lily","F","67","Koch","383.73832","paid","Chicago-Naperville-Elgin, IL-IN-WI","172","Make Love To Your Mind","15"
"Jorge Drexler","Adler","M","1","Barrera","272.14322","free","New York-Newark-Jersey City, NY-NJ-PA","174","Salvapantallas","100"
"Michael Bolton","Lily","F","68","Koch","255.65995","paid","Chicago-Naperville-Elgin, IL-IN-WI","172","How Am I Supposed To Live Without You","15"
"The Mercury Program","Adler","M","2","Barrera","449.12281","free","New York-Newark-Jersey City, NY-NJ-PA","174","Marianas","100"
"Duran Duran","Lily","F","69","Koch","321.88036","paid","Chicago-Naperville-Elgin, IL-IN-WI","172","The Seventh Stranger","15"
"Little Boots","Lily","F","70","Koch","195.94404","paid","Chicago-Naperville-Elgin, IL-IN-WI","172","Meddle","15"
"Johnossi","Lily","F","71","Koch","174.2624","paid","Chicago-Naperville-Elgin, IL-IN-WI","172","Glory Days To Come","15"
"BjÃÂ¶rk","Lily","F","72","Koch","348.57751","paid","Chicago-Naperville-Elgin, IL-IN-WI","172","Undo","15"
"Black Eyed Peas","Lily","F","73","Koch","226.37669","paid","Chicago-Naperville-Elgin, IL-IN-WI","172","Hey Mama","15"
"DecembeRadio","Lily","F","74","Koch","249.62567","paid","Chicago-Naperville-Elgin, IL-IN-WI","172","Find You Waiting","15"
"Bonobo","Lily","F","75","Koch","270.41914","paid","Chicago-Naperville-Elgin, IL-IN-WI","172","1009","15"
"Five Iron Frenzy","Tegan","F","1","Levine","236.09424","free","Portland-South Portland, ME","194","Canada","80"
"Morcheeba","Tegan","F","2","Levine","347.71546","free","Portland-South Portland, ME","194","The Sea","80"
"The Avett Brothers","Tegan","F","3","Levine","307.9571","free","Portland-South Portland, ME","194","All My Mistakes (US4BW0700133)","80"
"Dave Darell","Aiden","M","0","Hess","217.33832","free","La Crosse-Onalaska, WI-MN","197","Children","86"
"Priestess","Ryan","M","1","Smith","190.45832","free","San Jose-Sunnyvale-Santa Clara, CA","183","Talk To Her","26"
"Arcade Fire","Ryan","M","2","Smith","169.19465","free","San Jose-Sunnyvale-Santa Clara, CA","183","I'm Sleeping In A Submarine","26"
"Daft Punk","Ryan","M","3","Smith","211.69587","free","San Jose-Sunnyvale-Santa Clara, CA","183","Crescendolls","26"
"Nickel Creek","Ryan","M","4","Smith","255.13751","free","San Jose-Sunnyvale-Santa Clara, CA","183","When In Rome","26"
"Squeeze","Ryan","M","5","Smith","229.56363","free","San Jose-Sunnyvale-Santa Clara, CA","183","Footprints","26"
"Creedence Clearwater Revival","Samuel","M","0","Gonzalez","175.80363","free","Houston-The Woodlands-Sugar Land, TX","60","Sweet Hitch-Hiker","61"
"Kierra Sheard","Samuel","M","1","Gonzalez","299.02322","free","Houston-The Woodlands-Sugar Land, TX","60","Love Like Crazy (Extended Mix)","61"
"Greg Laswell","Mohammad","M","1","Rodriguez","251.08853","free","Sacramento--Roseville--Arden-Arcade, CA","193","Comes And Goes ( In Waves )","88"
"Pavement","Mohammad","M","3","Rodriguez","99.16036","free","Sacramento--Roseville--Arden-Arcade, CA","193","Mercy:The Laundromat","88"
"Sixx A.M.","Mohammad","M","4","Rodriguez","280.58077","free","Sacramento--Roseville--Arden-Arcade, CA","193","Courtesy Call (Explicit)","88"
"Leonard Cohen","Mohammad","M","5","Rodriguez","267.67628","free","Sacramento--Roseville--Arden-Arcade, CA","193","I'm Your Man","88"
"The Tallest Man On Earth","Joseph","M","0","Gutierrez","203.62404","free","Columbia, SC","167","The Wild Hunt","75"
"My Chemical Romance","Joseph","M","1","Gutierrez","161.90649","free","Columbia, SC","167","Teenagers (Album Version)","75"
"Wendy Rene","Joseph","M","2","Gutierrez","182.46485","free","Columbia, SC","167","After Laughter (Comes Tears) (LP Version)","75"
"Jack Johnson / Paula Fuga","Joseph","M","3","Gutierrez","178.33751","free","Columbia, SC","167","Country Road","75"
"Tub Ring","Joseph","M","4","Gutierrez","233.69098","free","Columbia, SC","167","Invalid","75"
"No Doubt","Mohammad","M","0","Rodriguez","44.93016","free","Sacramento--Roseville--Arden-Arcade, CA","205","BND","88"
"Katy Perry","Mohammad","M","1","Rodriguez","179.40853","free","Sacramento--Roseville--Arden-Arcade, CA","205","I Kissed A Girl","88"
"Neutral Milk Hotel","Joseph","M","5","Gutierrez","248.37179","free","Columbia, SC","167","Ghost","75"
"Dwight Yoakam","Ava","F","0","Robinson","239.3073","free","New Haven-Milford, CT","156","You're The One","50"
"Ella Fitzgerald","Joseph","M","6","Gutierrez","427.15383","free","Columbia, SC","167","On Green Dolphin Street (Medley) (1999 Digital Remaster)","75"
"Tony Rohr","Ava","F","1","Robinson","403.09506","free","New Haven-Milford, CT","156","Van Comp","50"
"Braid","Joseph","M","7","Gutierrez","222.74567","free","Columbia, SC","167","Divers","75"
"Fourmost","Joseph","M","8","Gutierrez","113.6322","free","Columbia, SC","167","Hello Little Girl","75"
"Catupecu Machu","Joseph","M","9","Gutierrez","212.32281","free","Columbia, SC","167","Hormigas","75"
"Creed","Joseph","M","10","Gutierrez","329.87383","free","Columbia, SC","167","Weathered","75"
"Ennio Morricone","Joseph","M","11","Gutierrez","215.01342","free","Columbia, SC","167","Chi Mai (El Profesional)","75"
"Down To The Bone","Sylvie","F","0","Cruz","333.76608","free","Washington-Arlington-Alexandria, DC-VA-MD-WV","182","Keep On Keepin' On","10"
"Three Drives","Sylvie","F","1","Cruz","411.6371","free","Washington-Arlington-Alexandria, DC-VA-MD-WV","182","Greece 2000","10"
"Sebastien Tellier","Sylvie","F","2","Cruz","377.73016","free","Washington-Arlington-Alexandria, DC-VA-MD-WV","182","Kilometer","10"
"Lonnie Gordon","Sylvie","F","3","Cruz","181.21098","free","Washington-Arlington-Alexandria, DC-VA-MD-WV","182","Catch You Baby (Steve Pitron & Max Sanna Radio Edit)","10"
"Charttraxx Karaoke","Ava","F","0","Robinson","225.17506","free","New Haven-Milford, CT","207","Fireflies","50"
"Ska-P","Ava","F","1","Robinson","220.21179","free","New Haven-Milford, CT","207","NiÃÂ±o Soldado","50"
"Dwight Yoakam","Ava","F","2","Robinson","239.3073","free","New Haven-Milford, CT","207","You're The One","50"
"Radiohead","Ayleen","F","0","Wise","130.82077","free","Columbia, SC","70","Pop Is Dead","71"
"Scouting for Girls","Ayleen","F","1","Wise","201.1424","free","Columbia, SC","70","The Mountains Of Navaho","71"
"Alliance Ethnik","Ayleen","F","2","Wise","195.94404","free","Columbia, SC","70","SinceritÃÂ© Et Jalousie","71"
"OutKast","Ayleen","F","3","Wise","227.52608","free","Columbia, SC","70","Ova Da Wudz","71"
"Bloodhound Gang","Kaleb","M","0","Cook","260.20526","free","Yuba City, CA","53","Uhn Tiss Uhn Tiss Uhn Tiss","54"
"Rammstein","Isaac","M","0","Valdez","228.46649","free","Saginaw, MI","112","Adios","3"
"Gershon Kingsley","Isaac","M","1","Valdez","146.57261","free","Saginaw, MI","112","Pop Corn","3"
"The Rakes","Isaac","M","2","Valdez","150.59546","free","Saginaw, MI","112","Strasbourg","3"
"Des'ree","Kaylee","F","1","Summers","246.30812","free","Phoenix-Mesa-Scottsdale, AZ","139","You Gotta Be","8"
"Mr Oizo","Kaylee","F","3","Summers","144.03873","free","Phoenix-Mesa-Scottsdale, AZ","139","Flat 55","8"
"Tamba Trio","Kaylee","F","4","Summers","177.18812","free","Phoenix-Mesa-Scottsdale, AZ","139","Quem Quiser Encontrar O Amor","8"
"The Mars Volta","Kaylee","F","5","Summers","380.42077","free","Phoenix-Mesa-Scottsdale, AZ","139","Eriatarka","8"
"Infected Mushroom","Kaylee","F","6","Summers","440.2673","free","Phoenix-Mesa-Scottsdale, AZ","139","Becoming Insane","8"
"Blue October / Imogen Heap","Kaylee","F","7","Summers","241.3971","free","Phoenix-Mesa-Scottsdale, AZ","139","Congratulations","8"
"Girl Talk","Kaylee","F","8","Summers","160.15628","free","Phoenix-Mesa-Scottsdale, AZ","139","Once again","8"
"Black Eyed Peas","Sylvie","F","0","Cruz","214.93506","free","Washington-Arlington-Alexandria, DC-VA-MD-WV","9","Pump It","10"
"Fall Out Boy","Ryan","M","1","Smith","200.72444","free","San Jose-Sunnyvale-Santa Clara, CA","169","Nobody Puts Baby In The Corner","26"
"M.I.A.","Ryan","M","2","Smith","233.7171","free","San Jose-Sunnyvale-Santa Clara, CA","169","Mango Pickle Down River (With The Wilcannia Mob)","26"
"Survivor","Jayden","M","0","Fox","245.36771","free","New Orleans-Metairie, LA","100","Eye Of The Tiger","101"
"Professor Longhair","Ann","F","0","Banks","214.20363","free","Salt Lake City, UT","124","Mean Ol'World","99"
"Gary Hobbs","Jahiem","M","1","Miles","245.52444","free","San Antonio-New Braunfels, TX","42","En Mi Mundo","43"
"Lifehouse","Jahiem","M","2","Miles","203.59791","free","San Antonio-New Braunfels, TX","42","We'll Never Know","43"
"Olivia Ruiz","Jahiem","M","3","Miles","254.74567","free","San Antonio-New Braunfels, TX","42","Cabaret Blanco","43"
"Jordan Rudess","Cecilia","F","1","Owens","1367.84934","free","Atlanta-Sandy Springs-Roswell, GA","225","Tarkus","6"
"Deerhunter","Jayden","M","0","Graves","162.08934","paid","Marinette, WI-MI","128","Weird Era","25"
"Daughtry","Jayden","M","1","Graves","249.91302","paid","Marinette, WI-MI","128","No Surprise","25"
"Vinylshakerz","Jayden","M","6","Graves","207.25506","paid","Marinette, WI-MI","128","Club Tropicana","25"
"Barry Tuckwell/Academy of St Martin-in-the-Fields/Sir Neville Marriner","Jayden","M","7","Graves","277.15873","paid","Marinette, WI-MI","128","Horn Concerto No. 4 in E flat K495: II. Romance (Andante cantabile)","25"
"Son House","Jayden","M","8","Graves","182.43873","paid","Marinette, WI-MI","128","Depot Blues","25"
"Jason Mraz & Colbie Caillat","Jayden","M","9","Graves","189.6224","paid","Marinette, WI-MI","128","Lucky (Album Version)","25"
"The Romantics","Jayden","M","10","Graves","233.7171","paid","Marinette, WI-MI","128","Talking In Your Sleep","25"
"The Postal Service","Jayden","M","11","Graves","266.47465","paid","Marinette, WI-MI","128","Such Great Heights","25"
"Tweet","Jayden","M","12","Graves","281.80853","paid","Marinette, WI-MI","128","Always Will (LP Version)","25"
"Gang Starr/Inspectah Deck","Jayden","M","13","Graves","225.07057","paid","Marinette, WI-MI","128","Above The Clouds (Edited)","25"
"Kanye West","Jayden","M","14","Graves","164.38812","paid","Marinette, WI-MI","128","Coldest Winter","25"
"Shunza","Jayden","M","15","Graves","250.93179","paid","Marinette, WI-MI","128","Nan Ni Wan","25"
"Erykah Badu","Jayden","M","16","Graves","286.9024","paid","Marinette, WI-MI","128","Back In The Day","25"
"Mariza","Maia","F","0","Burke","239.3073","free","Houston-The Woodlands-Sugar Land, TX","143","Vielas De Alfama","51"
"Asia 2001","Jayden","M","22","Graves","150.30812","paid","Marinette, WI-MI","128","Epilogue","25"
"Alejandro Sanz","Maia","F","1","Burke","230.24281","free","Houston-The Woodlands-Sugar Land, TX","143","Non E_ Per Te_ Per Me","51"
"The Casualties","Jayden","M","23","Graves","131.23873","paid","Marinette, WI-MI","128","Fight For Your Life","25"
"Alliance Ethnik","Jayden","M","24","Graves","252.21179","paid","Marinette, WI-MI","128","ReprÃÂ©sente","25"
"Hey Monday","Jayden","M","25","Graves","222.98077","paid","Marinette, WI-MI","128","Run_ Don't Walk","25"
"Silverchair","Jayden","M","26","Graves","213.13261","paid","Marinette, WI-MI","128","The Door","25"
"El DeBarge","Jayden","M","27","Graves","323.47383","paid","Marinette, WI-MI","128","Love Always","25"
"Evanescence","Jayden","M","28","Graves","236.12036","paid","Marinette, WI-MI","128","Bring Me To Life","25"
"Ludovico Einaudi","Jayden","M","30","Graves","249.02485","paid","Marinette, WI-MI","128","The Snow Prelude No. 2","25"
"Caifanes","Jayden","M","31","Graves","210.88608","paid","Marinette, WI-MI","128","Ayer Me Dijo Un Ave","25"
"The xx","Jayden","M","32","Graves","188.55138","paid","Marinette, WI-MI","128","Basic Space","25"
"Swizz Beatz","Jayden","M","33","Graves","213.7073","paid","Marinette, WI-MI","128","Big Munny","25"
"OutKast","Jayden","M","34","Graves","239.35955","paid","Marinette, WI-MI","128","Ms. Jackson","25"
"The Black Keys","Jayden","M","35","Graves","300.30322","paid","Marinette, WI-MI","128","The Only One","25"
"Nappy Roots [featuring Anthony Hamilton]","Jayden","M","36","Graves","248.00608","paid","Marinette, WI-MI","128","Po' Folks","25"
"Whitesnake","Jayden","M","37","Graves","250.3571","paid","Marinette, WI-MI","128","Fool For Your Loving","25"
"Foolish Things","Jayden","M","38","Graves","266.86649","paid","Marinette, WI-MI","128","Who Can Compare","25"
"Soda Stereo","Jayden","M","39","Graves","317.6224","paid","Marinette, WI-MI","128","PrÃÂ³fugos","25"
"Edward Sharpe & The Magnetic Zeros","Jayden","M","40","Graves","306.31138","paid","Marinette, WI-MI","128","Home","25"
"Anberlin","Aleena","F","0","Kirby","258.42893","paid","Waterloo-Cedar Falls, IA","196","Dismantle. Repair.","44"
"L-7","Aleena","F","2","Kirby","168.56771","paid","Waterloo-Cedar Falls, IA","196","Shitlist","44"
"Future Of The Left","Aleena","F","4","Kirby","112.63955","paid","Waterloo-Cedar Falls, IA","196","Fingers Become Thumbs","44"
"Franz Ferdinand","Aleena","F","5","Kirby","206.28853","paid","Waterloo-Cedar Falls, IA","196","Call Me","44"
"Travie McCoy","Aleena","F","6","Kirby","211.12118","paid","Waterloo-Cedar Falls, IA","196","Billionaire [feat. Bruno Mars]  (Explicit Album Version)","44"
"Lily Allen","Aleena","F","7","Kirby","194.76853","paid","Waterloo-Cedar Falls, IA","196","Smile","44"
"Rancid","Aleena","F","8","Kirby","223.65995","paid","Waterloo-Cedar Falls, IA","196","Fall Back Down (Album Version)","44"
"Katy Perry","Aleena","F","9","Kirby","228.49261","paid","Waterloo-Cedar Falls, IA","196","I'm Still Breathing","44"
"Freestylers","Aleena","F","10","Kirby","340.06159","paid","Waterloo-Cedar Falls, IA","196","Punks (Krafty Kuts Remix)","44"
"Kid Rock","Rylan","M","1","George","296.95955","free","Birmingham-Hoover, AL","15","All Summer Long (Album Version)","16"
"LITE","Aleena","F","11","Kirby","248.08444","paid","Waterloo-Cedar Falls, IA","196","On A Gloomy Evening","44"
"The Killers","Rylan","M","2","George","220.89098","free","Birmingham-Hoover, AL","15","When You Were Young","16"
"Hymie's Basement","Aleena","F","12","Kirby","175.38567","paid","Waterloo-Cedar Falls, IA","196","Ghost Dream","44"
"Pavement","Aleena","F","13","Kirby","195.73506","paid","Waterloo-Cedar Falls, IA","196","Rooftop Gambler","44"
"Trey Songz","Rylan","M","3","George","205.81832","free","Birmingham-Hoover, AL","15","Can't Help But Wait (Album Version)","16"
"Shakira","Aleena","F","14","Kirby","159.05914","paid","Waterloo-Cedar Falls, IA","196","La Pared","44"
"Billy J Kramer & The Dakotas","Rylan","M","4","George","191.32036","free","Birmingham-Hoover, AL","15","Tennessee Waltz (Live)","16"
"Arctic Monkeys","Aleena","F","15","Kirby","138.10893","paid","Waterloo-Cedar Falls, IA","196","D is for Dangerous","44"
"Dashboard Confessional","Rylan","M","5","George","224.54812","free","Birmingham-Hoover, AL","15","Ghost Of A Good Thing","16"
"Moby","Aleena","F","18","Kirby","196.75383","paid","Waterloo-Cedar Falls, IA","196","Lift Me Up","44"
"Dan Deacon","Aleena","F","19","Kirby","483.89179","paid","Waterloo-Cedar Falls, IA","196","Snookered","44"
"Puddle Of Mudd","Aleena","F","20","Kirby","210.80771","paid","Waterloo-Cedar Falls, IA","196","Psycho","44"
"Red Hot Chili Peppers","Aleena","F","21","Kirby","334.65424","paid","Waterloo-Cedar Falls, IA","196","Snow [Hey Oh] (Album Version)","44"
"The Barbarians","Aleena","F","22","Kirby","149.44608","paid","Waterloo-Cedar Falls, IA","196","Memphis_ Tennessee","44"
"Julia Fordham","Aleena","F","23","Kirby","213.44608","paid","Waterloo-Cedar Falls, IA","196","Jump (Live)","44"
"Alicia Keys","Aleena","F","24","Kirby","455.52281","paid","Waterloo-Cedar Falls, IA","196","Streets Of New York (City Life)","44"
"Regina Spektor","Aleena","F","25","Kirby","247.69261","paid","Waterloo-Cedar Falls, IA","196","Another Town","44"
"Deborah Harry & Iggy Pop","Aleena","F","26","Kirby","207.49016","paid","Waterloo-Cedar Falls, IA","196","Well Did You Evah!","44"
"Dr. Dre / Eminem / Alvin Joiner","Aleena","F","27","Kirby","244.21832","paid","Waterloo-Cedar Falls, IA","196","What's The Difference","44"
"Marcel Woods","Aleena","F","28","Kirby","424.33261","paid","Waterloo-Cedar Falls, IA","196","Advanced (Ton T.B. Mix)","44"
"OneRepublic","Aleena","F","29","Kirby","208.14322","paid","Waterloo-Cedar Falls, IA","196","Apologize","44"
"Beastie Boys","Aleena","F","30","Kirby","172.22485","paid","Waterloo-Cedar Falls, IA","196","The Maestro","44"
"Paramore","Aleena","F","31","Kirby","267.65016","paid","Waterloo-Cedar Falls, IA","196","The Only Exception (Album Version)","44"
"Varios","Aleena","F","32","Kirby","204.64281","paid","Waterloo-Cedar Falls, IA","196","Hasta siempre","44"
"The Black Keys","Aleena","F","33","Kirby","191.76444","paid","Waterloo-Cedar Falls, IA","196","Howlin For You","44"
"Muse","Aleena","F","34","Kirby","198.79138","paid","Waterloo-Cedar Falls, IA","196","Feeling Good","44"
"Frankie J","Aleena","F","35","Kirby","254.32771","paid","Waterloo-Cedar Falls, IA","196","Daddy's Little Girl","44"
"Kirk Franklin & The Family","Aleena","F","36","Kirby","418.71628","paid","Waterloo-Cedar Falls, IA","196","Now Behold The Lamb","44"
"Cooly's Hot Box","Aleena","F","37","Kirby","371.06893","paid","Waterloo-Cedar Falls, IA","196","Make Me Happy","44"
"Ron Van Den Beuken","Cecilia","F","0","Owens","506.5922","free","Atlanta-Sandy Springs-Roswell, GA","229","Timeless","6"
"Sparks","Aleena","F","38","Kirby","199.02649","paid","Waterloo-Cedar Falls, IA","196","Lost And Found","44"
"Regina Spektor","Aleena","F","39","Kirby","191.08526","paid","Waterloo-Cedar Falls, IA","196","The Calculation (Album Version)","44"
"Subhumans","Aleena","F","40","Kirby","209.37098","paid","Waterloo-Cedar Falls, IA","196","Rain","44"
"Sia","Aleena","F","43","Kirby","302.602","paid","Waterloo-Cedar Falls, IA","196","Beautiful Calm Driving","44"
"Shadows Fall","Aleena","F","44","Kirby","178.65098","paid","Waterloo-Cedar Falls, IA","196","Lead Me Home","44"
"Eminem / Dr. Dre / 50 Cent","Aleena","F","45","Kirby","297.56036","paid","Waterloo-Cedar Falls, IA","196","Crack A Bottle","44"
"Vampire Weekend","Aleena","F","46","Kirby","195.7873","paid","Waterloo-Cedar Falls, IA","196","Oxford Comma (Album)","44"
"Eddie Floyd","Lily","F","1","Burns","198.19057","free","New York-Newark-Jersey City, NY-NJ-PA","31","Guess Who","32"
"The Swell Season","Sylvie","F","0","Cruz","319.13751","free","Washington-Arlington-Alexandria, DC-VA-MD-WV","220","If You Want Me (Live)","10"
"Alex Band","Jordan","F","0","Hicks","238.8371","free","Salinas, CA","145","Tonight (Single Mix)","37"
"Nightwish","Sylvie","F","1","Cruz","305.97179","free","Washington-Arlington-Alexandria, DC-VA-MD-WV","220","The Islander","10"
"Cartola","Brantley","M","0","West","172.12036","free","Portland-Vancouver-Hillsboro, OR-WA","133","As Rosas NÃÂ£o Falam","28"
"Vampire Weekend","Brantley","M","1","West","269.16526","free","Portland-Vancouver-Hillsboro, OR-WA","133","I Think Ur A Contra","28"
"Sebadoh","Brantley","M","2","West","210.18077","free","Portland-Vancouver-Hillsboro, OR-WA","133","Hassle","28"
"Incubus","Brantley","M","3","West","212.74077","free","Portland-Vancouver-Hillsboro, OR-WA","133","Wish You Were Here","28"
"Blue States","Brantley","M","4","West","239.3073","free","Portland-Vancouver-Hillsboro, OR-WA","133","Allies","28"
"Octopus Project","Magdalene","F","1","Herman","498.33751","free","Dallas-Fort Worth-Arlington, TX","141","Hypnopaedia","77"
"Mike Posner","Jahiem","M","0","Miles","214.7522","free","San Antonio-New Braunfels, TX","228","Cooler Than Me","43"
"Alliance Ethnik","Chloe","F","0","Roth","252.21179","free","Indianapolis-Carmel-Anderson, IN","176","ReprÃÂ©sente","78"
"Gang Starr/Inspectah Deck","Chloe","F","3","Roth","225.07057","free","Indianapolis-Carmel-Anderson, IN","176","Above The Clouds (Edited)","78"
"Was (Not Was)","Braden","M","1","Parker","239.15057","free","Youngstown-Warren-Boardman, OH-PA","164","Shake Your Head","74"
"23 Skidoo","Chloe","F","4","Roth","370.88608","free","Indianapolis-Carmel-Anderson, IN","176","Crossfire","78"
"Dwight Yoakam","Chloe","F","5","Roth","239.3073","free","Indianapolis-Carmel-Anderson, IN","176","You're The One","78"
"Finger Eleven","Adler","M","1","Barrera","259.68281","free","New York-Newark-Jersey City, NY-NJ-PA","198","Obvious Heart","100"
"Shaggy","Adler","M","2","Barrera","212.97587","free","New York-Newark-Jersey City, NY-NJ-PA","198","Intoxication","100"
"Kid Cudi","Anabelle","F","0","Simpson","227.34322","free","Philadelphia-Camden-Wilmington, PA-NJ-DE-MD","235","Up Up & Away","69"
"Klaus Doldinger's Passport","Adler","M","3","Barrera","460.43383","free","New York-Newark-Jersey City, NY-NJ-PA","198","Fairy Tale","100"
"Aesop Rock","Anabelle","F","1","Simpson","245.65506","free","Philadelphia-Camden-Wilmington, PA-NJ-DE-MD","235","None Shall Pass (Main)","69"
"Salt 'n' Pepa with En Vogue","Bronson","M","0","Harris","296.202","free","Eugene, OR","134","Whatta Man (Salt-N-Pepa Featuring En Vogue) (EP Version)","33"
"Tiger Army","Bronson","M","1","Harris","129.38404","free","Eugene, OR","134","Ghost Tigers Rise (Album Version)","33"
"NEEDTOBREATHE","Bronson","M","2","Harris","225.82812","free","Eugene, OR","134","Don't Wait For Daylight (Album Version)","33"
"Baby Huey & The Baby Sitters","Tegan","F","0","Levine","194.7424","free","Portland-South Portland, ME","243","Hard Times (LP Version)","80"
"Justin Bieber","Tegan","F","1","Levine","220.89098","free","Portland-South Portland, ME","243","Somebody To Love","80"
"David Byrne & Fatboy Slim feat. Charmaine Clamor","Tegan","F","2","Levine","238.65424","free","Portland-South Portland, ME","243","Walk Like A Woman (Album Version)","80"
"Taylor Swift","Tegan","F","3","Levine","230.47791","free","Portland-South Portland, ME","243","You Belong With Me","80"
"Ottmar Liebert","Tegan","F","4","Levine","174.54975","free","Portland-South Portland, ME","243","Festival (Of 7 Lights)","80"
"The Roots","Jacob","M","0","Klein","285.6224","paid","Tampa-St. Petersburg-Clearwater, FL","72","Dynamite!","73"
"Foo Fighters","Jacob","M","1","Klein","235.28444","paid","Tampa-St. Petersburg-Clearwater, FL","72","Learn To Fly","73"
"El Hombre Burbuja","Jacob","M","2","Klein","161.33179","paid","Tampa-St. Petersburg-Clearwater, FL","72","Buzos (En La Luna)","73"
"Rock Kills Kid","Jacob","M","3","Klein","271.38567","paid","Tampa-St. Petersburg-Clearwater, FL","72","Back To Life (Album Version)","73"
"Manu Chao","Jacob","M","4","Klein","288.15628","paid","Tampa-St. Petersburg-Clearwater, FL","72","Me Quedo Contigo [Si Me Das A Elegir]","73"
"B.o.B","Jacob","M","5","Klein","269.63546","paid","Tampa-St. Petersburg-Clearwater, FL","72","Nothin' On You [feat. Bruno Mars] (Album Version)","73"
"Baby Boy Da Prince / Mannie Fresh","Jacob","M","6","Klein","235.2322","paid","Tampa-St. Petersburg-Clearwater, FL","72","Naw Meen","73"
"Gerry Rafferty","Jacob","M","7","Klein","224.39138","paid","Tampa-St. Petersburg-Clearwater, FL","72","Don't Close The Door","73"
"the bird and the bee","Jacob","M","10","Klein","165.642","paid","Tampa-St. Petersburg-Clearwater, FL","72","Again & Again","73"
"Blur","Jacob","M","11","Klein","361.58649","paid","Tampa-St. Petersburg-Clearwater, FL","72","Sing","73"
"Puerto Rican Power","Jacob","M","12","Klein","305.44934","paid","Tampa-St. Petersburg-Clearwater, FL","72","Juguete De Nadie","73"
"Hercules And Love Affair","Jacob","M","13","Klein","471.74485","paid","Tampa-St. Petersburg-Clearwater, FL","72","Blind (Frankie Knuckles Remix)","73"
"BeyoncÃÂ©","Jacob","M","14","Klein","235.67628","paid","Tampa-St. Petersburg-Clearwater, FL","72","Kitty Kat","73"
"Burt Bacharach","Jacob","M","15","Klein","200.54159","paid","Tampa-St. Petersburg-Clearwater, FL","72","Pacific Coast Highway","73"
"Common","Jacob","M","16","Klein","144.16934","paid","Tampa-St. Petersburg-Clearwater, FL","72","Be (Intro)","73"
"Ra Ra Riot","Jacob","M","17","Klein","152.71138","paid","Tampa-St. Petersburg-Clearwater, FL","72","Can You Tell","73"
"Flyleaf","Jacob","M","18","Klein","167.8624","paid","Tampa-St. Petersburg-Clearwater, FL","72","There For You","73"
"Neil Young","Jacob","M","19","Klein","414.69342","paid","Tampa-St. Petersburg-Clearwater, FL","72","Danger Bird (Album Version)","73"
"A Day To Remember","Jacob","M","20","Klein","87.50975","paid","Tampa-St. Petersburg-Clearwater, FL","72","You Already Know What You Are","73"
"Del Tha Funkee Homosapien","Jacob","M","21","Klein","199.07873","paid","Tampa-St. Petersburg-Clearwater, FL","72","Sleepin' On My Couch","73"
"Leopoldo Federico","Jacob","M","22","Klein","205.73995","paid","Tampa-St. Petersburg-Clearwater, FL","72","La Cachila","73"
"Moose","Jacob","M","23","Klein","490.21342","paid","Tampa-St. Petersburg-Clearwater, FL","72","Do You Remember","73"
"Wyclef Jean","Jacob","M","24","Klein","242.07628","paid","Tampa-St. Petersburg-Clearwater, FL","72","Knockin' On Heaven's Door","73"
"Alvin And The Chipmunks","Jacob","M","25","Klein","166.47791","paid","Tampa-St. Petersburg-Clearwater, FL","72","Coast 2 Coast","73"
"Anthrax","Jacob","M","26","Klein","458.23955","paid","Tampa-St. Petersburg-Clearwater, FL","72","Who Cares Wins","73"
"Beatsteaks","Jacob","M","27","Klein","177.8673","paid","Tampa-St. Petersburg-Clearwater, FL","72","Jane Became Insane","73"
"Nouvelle Vague","Anabelle","F","0","Simpson","132.70159","free","Philadelphia-Camden-Wilmington, PA-NJ-DE-MD","249","Too Drunk Too F****","69"
"Mastodon","Anabelle","F","1","Simpson","218.87955","free","Philadelphia-Camden-Wilmington, PA-NJ-DE-MD","249","Divinations (Album Version)","69"
"The Killers","Anabelle","F","2","Simpson","245.99465","free","Philadelphia-Camden-Wilmington, PA-NJ-DE-MD","249","Sam's Town","69"
"Alanis Morissette","Stefany","F","0","White","175.82975","free","Lubbock, TX","186","Right Through You (LP Version)","83"
"Hoobastank","Cierra","F","0","Finley","241.3971","free","Richmond, VA","132","Say The Same","96"
"Mark Knopfler","Cierra","F","1","Finley","249.3122","free","Richmond, VA","132","Why Aye Man","96"
"Mogwai","Cierra","F","2","Finley","341.28934","free","Richmond, VA","132","We're No Here","96"
"The Casualties","Cierra","F","3","Finley","181.49832","free","Richmond, VA","132","Punx Unite","96"
"The Living End","Ryan","M","0","Smith","188.62975","free","San Jose-Sunnyvale-Santa Clara, CA","433","Roll On (Album Version)","26"
"Aloe Blacc","Rylan","M","0","George","244.1922","free","Birmingham-Hoover, AL","402","I Need A Dollar","16"
"Faith No More","Rylan","M","1","George","326.50404","free","Birmingham-Hoover, AL","402","Helpless","16"
"Chris Cornell","Aleena","F","0","Kirby","353.69751","paid","Waterloo-Cedar Falls, IA","350","Sunshower (Great Expectations Soundtrack)","44"
"Weezer","Aleena","F","1","Kirby","203.93751","paid","Waterloo-Cedar Falls, IA","350","My Name Is Jonas","44"
"Stream of Passion feat. Ayreon","Aleena","F","2","Kirby","257.56689","paid","Waterloo-Cedar Falls, IA","350","Valley Of The Queens","44"
"Lupe Fiasco","Aleena","F","3","Kirby","273.94567","paid","Waterloo-Cedar Falls, IA","350","Shining Down [feat. Matthew Santos] (Amended Album Version)","44"
"Tom Petty","Aleena","F","4","Kirby","263.23546","paid","Waterloo-Cedar Falls, IA","350","Runnin' Down A Dream","44"
"The Killers","Aleena","F","5","Kirby","220.89098","paid","Waterloo-Cedar Falls, IA","350","When You Were Young","44"
"Afghan Whigs","Aleena","F","6","Kirby","179.40853","paid","Waterloo-Cedar Falls, IA","350","I'm Her Slave (Album)","44"
"CSS","Aleena","F","7","Kirby","213.75955","paid","Waterloo-Cedar Falls, IA","350","Let's Make Love And Listen To Death From Above [Dan Carey Mix] (remastered album version)","44"
"Mos Def / Talib Kweli","Aleena","F","8","Kirby","141.37424","paid","Waterloo-Cedar Falls, IA","350","History","44"
"Ryan Leslie","Aleena","F","9","Kirby","203.96363","paid","Waterloo-Cedar Falls, IA","350","How It Was Supposed To Be","44"
"Mark Lowry","Aleena","F","10","Kirby","168.28036","paid","Waterloo-Cedar Falls, IA","350","Get Together With The Lord (The Best Of Mark Lowry - Volume 2 Version)","44"
"Beirut","Aleena","F","11","Kirby","230.19057","paid","Waterloo-Cedar Falls, IA","350","Nantes","44"
"MODESELEKTOR FEAT. PUPPETMASTAZ","Aleena","F","12","Kirby","52.79302","paid","Waterloo-Cedar Falls, IA","350","THE DARK SIDE OF THE FROG","44"
"Kid Cudi / Kanye West / Common","Aleena","F","13","Kirby","237.76608","paid","Waterloo-Cedar Falls, IA","350","Make Her Say","44"
"Julie Ruin","Aleena","F","14","Kirby","142.47138","paid","Waterloo-Cedar Falls, IA","350","Breakout A-Town","44"
"Sons And Daughters","Aleena","F","15","Kirby","165.90322","paid","Waterloo-Cedar Falls, IA","350","The Bell","44"
"Children 18:3","Aleena","F","16","Kirby","178.52036","paid","Waterloo-Cedar Falls, IA","350","Mock The Music","44"
"Chris Cagle","Aleena","F","17","Kirby","232.85506","paid","Waterloo-Cedar Falls, IA","350","Miss Me Baby","44"
"John Waite","Aleena","F","18","Kirby","269.76608","paid","Waterloo-Cedar Falls, IA","350","Missing You","44"
"Basshunter","Aleena","F","19","Kirby","223.32036","paid","Waterloo-Cedar Falls, IA","350","Walk On Water","44"
"Jay-Z / Lil Wayne","Aleena","F","20","Kirby","236.01587","paid","Waterloo-Cedar Falls, IA","350","Hello Brooklyn 2.0","44"
"Snow Patrol","Aleena","F","21","Kirby","273.6322","paid","Waterloo-Cedar Falls, IA","350","It's Beginning To Get To Me","44"
"Coldcut","Aleena","F","22","Kirby","203.07546","paid","Waterloo-Cedar Falls, IA","350","Autumn Leaves","44"
"Magic Dirt","Aleena","F","23","Kirby","251.79383","paid","Waterloo-Cedar Falls, IA","350","Plastic Loveless Letter","44"
"J. Karjalainen & Mustat Lasit","Aleena","F","24","Kirby","336.74404","paid","Waterloo-Cedar Falls, IA","350","Sinisten tÃÂ¤htien alla","44"
"OneRepublic","Aleena","F","25","Kirby","224.67873","paid","Waterloo-Cedar Falls, IA","350","Secrets","44"
"Nirvana","Aleena","F","26","Kirby","219.08853","paid","Waterloo-Cedar Falls, IA","350","Come As You Are","44"
"Joyce Cooling","Aleena","F","27","Kirby","248.11057","paid","Waterloo-Cedar Falls, IA","350","It's Time I Go (Jazz)","44"
"Beastie Boys","Aleena","F","28","Kirby","211.722","paid","Waterloo-Cedar Falls, IA","350","Unite (2009 Digital Remaster)","44"
"Usher Featuring Lil' Jon & Ludacris","Aleena","F","29","Kirby","250.38322","paid","Waterloo-Cedar Falls, IA","350","Yeah!","44"
"Nelly / Paul Wall / Ali & Gipp","Aleena","F","30","Kirby","272.50893","paid","Waterloo-Cedar Falls, IA","350","Grillz","44"
"The Audition","Aleena","F","31","Kirby","207.20281","paid","Waterloo-Cedar Falls, IA","350","The Running Man","44"
"Savage Garden","Aleena","F","32","Kirby","277.26322","paid","Waterloo-Cedar Falls, IA","350","Truly Madly Deeply","44"
"Adam Green","Aleena","F","33","Kirby","141.00853","paid","Waterloo-Cedar Falls, IA","350","Festival Song","44"
"Tom Petty","Aleena","F","34","Kirby","204.82567","paid","Waterloo-Cedar Falls, IA","350","Square One (Album Version)","44"
"Muse","Aleena","F","35","Kirby","209.34485","paid","Waterloo-Cedar Falls, IA","350","Supermassive Black Hole (Album Version)","44"
"The Gerbils","Jordan","F","0","Hicks","27.01016","free","Salinas, CA","304","(iii)","37"
"Robert Plant","Jordan","F","1","Hicks","265.66485","free","Salinas, CA","304","Dancing In Heaven (2006 Remastered LP Version)","37"
"Metallica","Jordan","F","2","Hicks","387.02975","free","Salinas, CA","304","Welcome Home (Sanitarium)","37"
"Infected Mushroom","Jordan","F","3","Hicks","506.51383","free","Salinas, CA","304","Deeply Disturbed","37"
"Eliza Doolittle","Jordan","F","4","Hicks","184.60689","free","Salinas, CA","304","Rollerblades","37"
"Alvin And The Chipmunks","Jordan","F","5","Hicks","162.63791","free","Salinas, CA","304","Ain't No Party","37"
"Chromeo","Jordan","F","6","Hicks","348.65587","free","Salinas, CA","304","You're So Gangsta","37"
"Keisha White","Kevin","M","0","Arellano","251.42812","free","Harrisburg-Carlisle, PA","387","Brother","66"
"Juanes","Kevin","M","1","Arellano","247.37914","free","Harrisburg-Carlisle, PA","387","Damelo","66"
"Karnivool","Ryan","M","0","Smith","470.80444","free","San Jose-Sunnyvale-Santa Clara, CA","445","Umbra","26"
"WES","Cecilia","F","0","Owens","221.57016","free","Atlanta-Sandy Springs-Roswell, GA","444","Alane","6"
"Asia 2001","Cecilia","F","1","Owens","150.30812","free","Atlanta-Sandy Springs-Roswell, GA","444","Epilogue","6"
"Spike Milligan","Samuel","M","0","Gonzalez","220.39465","free","Houston-The Woodlands-Sugar Land, TX","384","Nothing At All","61"
"Laura Izibor","Anabelle","F","0","Simpson","211.56526","free","Philadelphia-Camden-Wilmington, PA-NJ-DE-MD","378","Carousel (PSILY Album Version)","69"
"Ryan Adams","Braden","M","0","Parker","248.5024","free","Youngstown-Warren-Boardman, OH-PA","246","Wonderwall","74"
"Method Man","Adelyn","F","1","Jordan","204.64281","free","Chicago-Naperville-Elgin, IL-IN-WI","391","The Motto","7"
"The Stanley Brothers","Adelyn","F","2","Jordan","179.69587","free","Chicago-Naperville-Elgin, IL-IN-WI","391","I'm A Man Of Constant Sorrow","7"
"Dexter Freebish","Adelyn","F","3","Jordan","210.54649","free","Chicago-Naperville-Elgin, IL-IN-WI","391","Deeper","7"
"Jamiroquai","Jacob","M","0","Rogers","362.05669","free","San Diego-Carlsbad, CA","432","Talullah","18"
"Michael Cera & Ellen Page","Matthew","M","0","Jones","116.71465","paid","Janesville-Beloit, WI","439","Anyone Else But You","36"
"The Cat Empire","Matthew","M","1","Jones","218.22649","paid","Janesville-Beloit, WI","439","How To Explain","36"
"Bryn Terfel / Berliner Philharmoniker / Claudio Abbado","Matthew","M","2","Jones","967.36608","paid","Janesville-Beloit, WI","439","Wotan's Farewell & Magic Fire Music","36"
"The Fugees","Matthew","M","3","Jones","281.20771","paid","Janesville-Beloit, WI","439","Ready Or Not","36"
"Hardline","Matthew","M","4","Jones","234.73587","paid","Janesville-Beloit, WI","439","Everything","36"
"The Funky Lowlives","Matthew","M","5","Jones","280.34567","paid","Janesville-Beloit, WI","439","Sail Into the Sun","36"
"DL Incognito","Matthew","M","6","Jones","221.07383","paid","Janesville-Beloit, WI","439","Proof","36"
"Justice","Matthew","M","7","Jones","243.40853","paid","Janesville-Beloit, WI","439","TTHHEE PPAARRTTYY","36"
"Earth_ Wind & Fire","Theodore","M","1","Smith","178.20689","free","Houston-The Woodlands-Sugar Land, TX","447","Night Dreamin'","52"
"Strawbs","Matthew","M","8","Jones","255.81669","paid","Janesville-Beloit, WI","439","Sheep","36"
"Angus & Julia Stone","Matthew","M","9","Jones","172.85179","paid","Janesville-Beloit, WI","439","Wasted","36"
"Sara Bareilles","Matthew","M","10","Jones","260.8322","paid","Janesville-Beloit, WI","439","Love Song","36"
"Bruna Caram","Matthew","M","11","Jones","198.63465","paid","Janesville-Beloit, WI","439","Meus Sonhos","36"
"Nando Reis","Matthew","M","12","Jones","239.82975","paid","Janesville-Beloit, WI","439","O Segundo Sol","36"
"The Black Keys","Matthew","M","13","Jones","189.28281","paid","Janesville-Beloit, WI","439","Same Old Thing","36"
"Kreator","Matthew","M","14","Jones","294.53016","paid","Janesville-Beloit, WI","439","Riot Of Violence","36"
"Audioslave","Matthew","M","15","Jones","277.83791","paid","Janesville-Beloit, WI","439","Show Me How To Live","36"
"Red Hot Chili Peppers","Matthew","M","16","Jones","269.34812","paid","Janesville-Beloit, WI","439","Parallel Universe (Album Version)","36"
"Manu Chao","Matthew","M","17","Jones","288.15628","paid","Janesville-Beloit, WI","439","Me Quedo Contigo [Si Me Das A Elegir]","36"
"Barry Tuckwell/Academy of St Martin-in-the-Fields/Sir Neville Marriner","Matthew","M","18","Jones","277.15873","paid","Janesville-Beloit, WI","439","Horn Concerto No. 4 in E flat K495: II. Romance (Andante cantabile)","36"
"Ron Carter","Matthew","M","19","Jones","497.13587","paid","Janesville-Beloit, WI","439","I CAN'T GET STARTED","36"
"Lifehouse","Theodore","M","2","Harris","195.47383","free","Red Bluff, CA","440","You And Me (Wedding Version)","14"
"Yann Tiersen","Kaylee","F","0","Summers","158.71955","free","Phoenix-Mesa-Scottsdale, AZ","333","La Valse D'AmÃÂ©lie (Version Piano)","8"
"ISRAEL & NEW BREED","Kaylee","F","1","Summers","176.48281","free","Phoenix-Mesa-Scottsdale, AZ","333","Awesome Medley","8"
"Stellar Kart","Molly","F","1","Taylor","186.17424","free","St. Louis, MO-IL","396","Jesus Loves You (Album Version)","35"
